Iteration,Time(ms),Cost,Temperature
1000,4244,155260.0,4673.155466242001
2000,5763,172380.0,4358.513448202661
4000,6188,187445.0,3809.9814544489413
5000,6407,189190.0,3556.300703261106
7000,6792,197995.0,3110.2844214492516
8000,6998,197765.0,2908.131607299238
10000,7440,195630.0,2529.9609052845353
11000,7659,176775.0,2364.816608442646
12000,7867,162810.0,2208.0218952874748
14000,8268,164930.0,1927.2425375079138
15000,8473,162860.0,1799.2804033023708
16000,8708,149085.0,1676.9611040318077
17000,9034,139345.0,1559.990409602118
18000,9252,154995.0,1454.8112735627133
20000,9669,154690.0,1263.984651499912
21000,9895,142155.0,1178.6452169082302
24000,10543,137170.0,957.3897213589214
25000,10761,140800.0,892.5718687953082
26000,10980,131365.0,833.3082322576015
29000,11678,135775.0,676.7440894642489
31000,12172,127995.0,591.5738154553561
36000,13478,121350.0,417.9530468659328
37000,13746,119295.0,390.3975925579111
38000,13953,119850.0,365.2062829450062
39000,14158,119870.0,341.9481312245647
40000,14420,117825.0,319.8191619832198
43000,15177,113630.0,260.06858288594117
44000,15390,114645.0,242.582509126935
45000,15618,113465.0,226.3173971325228
46000,15882,113985.0,210.74204728366178
47000,16098,113535.0,196.86760670574952
48000,16351,111275.0,184.0722043187225
49000,16592,112295.0,171.9020220360598
50000,16814,113505.0,160.47228282097421
51000,17020,113030.0,149.7875249717423
52000,17244,112035.0,140.13615132618315
53000,17539,110330.0,130.74004851568094
55000,18115,108655.0,113.94365978413039
56000,18434,107055.0,106.52724228974188
58000,18912,107150.0,92.85079761559443
59000,19156,106295.0,86.8159636613031
60000,19404,106000.0,81.16524616715138
61000,19705,105255.0,75.79131645556866
62000,20015,104640.0,70.76611590476188
63000,20289,103930.0,66.19314826124463
64000,20558,103960.0,61.85380190871735
66000,21155,102550.0,53.75660543694264
67000,21413,102500.0,50.23757064936184
68000,21714,102080.0,46.81293884906018
71000,22588,100550.0,38.28849981520557
73000,23141,100585.0,33.29284785237944
74000,23357,100610.0,31.16012661851188
75000,23603,100445.0,29.021465018712124
76000,23883,100415.0,27.080997130435758
77000,24199,100215.0,25.232396235475683
78000,24473,99770.0,23.521742908845763
79000,24723,99455.0,21.93803170768744
80000,24949,99460.0,20.53269365250813
81000,25209,99510.0,19.146404297752145
84000,26043,97965.0,15.549127491388028
85000,26375,96935.0,14.51817186627892
86000,26685,96865.0,13.535252682452736
87000,26924,96565.0,12.608788193056455
88000,27248,96415.0,11.763371296298365
89000,27528,96440.0,10.991114580995117
90000,27821,95660.0,10.245961938896269
92000,28383,95420.0,8.933219134585123
93000,28676,95235.0,8.34425605958793
94000,29021,95080.0,7.786332435651448
97000,29748,94350.0,6.32404821958613
98000,30016,94205.0,5.902382564828202
99000,30268,93780.0,5.519309372146016
100000,30532,93750.0,5.1559394091889885
101000,30745,93670.0,4.809753609941585
105000,31889,92875.0,3.648558077711026
107000,32580,92775.0,3.1871442037123527
108000,32901,92670.0,2.9791019816541477
109000,33156,92580.0,2.782134632403557
112000,34183,92295.0,2.261680521967358
114000,34728,92135.0,1.9693454138199467
115000,35017,91745.0,1.8382200973586824
117000,35578,91160.0,1.606231929699302
119000,36088,91080.0,1.3979181220002979
120000,36326,91005.0,1.305231792679483
121000,36588,90720.0,1.2188127372042186
122000,36874,90500.0,1.1372052910169297
124000,37583,89960.0,0.9915032015781854
126000,38100,89880.0,0.8665462137351454
128000,38569,89770.0,0.7563533348066573
129000,38833,89655.0,0.7055694207721311
130000,39098,89620.0,0.6589856445763452
131000,39362,89555.0,0.6171415847290811
133000,39828,89525.0,0.5388793416686024
134000,40080,89395.0,0.5022450609065232
136000,40577,89345.0,0.438684907263982
137000,40845,89265.0,0.4093120972580401
140000,41722,88675.0,0.33397554387088574
141000,41967,88655.0,0.3120502938719755
142000,42207,88330.0,0.290981845286304
143000,42466,88070.0,0.27190629075894684
145000,42993,88020.0,0.23732978866063772
146000,43254,87990.0,0.22090817158422224
148000,43806,87920.0,0.19177830271189222
149000,44087,87890.0,0.17913444642881388
150000,44321,87860.0,0.1670566758256692
152000,44783,87840.0,0.14606130277390555
154000,45318,87750.0,0.12739845044346002
156000,45807,87660.0,0.11137611084875522
157000,46033,87660.0,0.10432485008469389
159000,46490,87580.0,0.1
160000,46728,87560.0,0.1
162000,47222,87205.0,0.1
163000,47479,87175.0,0.1
164000,47764,87080.0,0.1
166000,48300,86990.0,0.1
168000,48775,86885.0,0.1
169000,49033,86870.0,0.1
170000,49256,86870.0,0.1
171000,49508,86785.0,0.1
172000,49783,86730.0,0.1
173000,50030,86715.0,0.1
175000,50554,86655.0,0.1
177000,51147,86260.0,0.1
179000,51764,86195.0,0.1
180000,52048,86150.0,0.1
181000,52285,86140.0,0.1
182000,52544,86120.0,0.1
184000,53071,86085.0,0.1
185000,53335,86075.0,0.1
186000,53636,86040.0,0.1
188000,54182,85970.0,0.1
190000,54668,85925.0,0.1
191000,54914,85895.0,0.1
193000,55453,85840.0,0.1
194000,55709,85825.0,0.1
196000,56211,85490.0,0.1
198000,56725,85455.0,0.1
199000,56972,85410.0,0.1
203000,58051,85360.0,0.1
204000,58280,85350.0,0.1
205000,58505,85340.0,0.1
207000,59061,85270.0,0.1
208000,59264,85270.0,0.1
209000,59487,85240.0,0.1
210000,59760,85225.0,0.1
211000,60032,85195.0,0.1
213000,60542,85075.0,0.1
214000,60825,85060.0,0.1
215000,61086,85030.0,0.1
216000,61310,85010.0,0.1
217000,61568,84975.0,0.1
218000,61793,84940.0,0.1
220000,62307,84905.0,0.1
222000,62856,84635.0,0.1
223000,63119,84570.0,0.1
224000,63362,84535.0,0.1
225000,63647,84530.0,0.1
226000,63957,84525.0,0.1
227000,64298,84180.0,0.1
228000,64572,84145.0,0.1
230000,65132,84055.0,0.1
231000,65426,84035.0,0.1
233000,65971,84015.0,0.1
234000,66209,84015.0,0.1
235000,66510,84015.0,0.1
236000,66836,84010.0,0.1
237000,67186,83940.0,0.1
238000,67507,83920.0,0.1
239000,67872,83870.0,0.1
241000,68460,83850.0,0.1
243000,69071,83825.0,0.1
244000,69328,83825.0,0.1
246000,69891,83825.0,0.1
247000,70122,83825.0,0.1
248000,70372,83825.0,0.1
249000,70627,83810.0,0.1
250000,70920,83510.0,0.1
251000,71205,83465.0,0.1
252000,71483,83200.0,0.1
253000,71741,83170.0,0.1
254000,72001,82880.0,0.1
255000,72254,82865.0,0.1
256000,72538,82850.0,0.1
258000,73150,82820.0,0.1
259000,73408,82750.0,0.1
260000,73656,82750.0,0.1
262000,74255,82730.0,0.1
264000,74747,82680.0,0.1
266000,75261,82655.0,0.1
267000,75587,82640.0,0.1
268000,75930,82625.0,0.1
270000,76579,82580.0,0.1
271000,76931,82550.0,0.1
272000,77318,82550.0,0.1
273000,77636,82545.0,0.1
275000,78175,82305.0,0.1
277000,78719,82255.0,0.1
280000,79534,82235.0,0.1
284000,80609,82175.0,0.1
286000,81085,82175.0,0.1
289000,81900,82145.0,0.1
290000,82146,82145.0,0.1
291000,82413,82100.0,0.1
296000,83734,82040.0,0.1
298000,84338,81995.0,0.1
299000,84578,81980.0,0.1
300000,84830,81980.0,0.1
301000,85082,81975.0,0.1
302000,85334,81975.0,0.1
303000,85594,81970.0,0.1
304000,85881,81930.0,0.1
305000,86196,81610.0,0.1
307000,86753,81570.0,0.1
309000,87372,81545.0,0.1
310000,87719,81150.0,0.1
312000,88298,81100.0,0.1
314000,88841,81050.0,0.1
315000,89162,81050.0,0.1
316000,89480,81040.0,0.1
317000,89770,80725.0,0.1
320000,90529,80665.0,0.1
321000,90925,80650.0,0.1
323000,91549,80620.0,0.1
324000,91898,80605.0,0.1
325000,92192,80585.0,0.1
326000,92440,80585.0,0.1
328000,93030,80575.0,0.1
330000,93539,80560.0,0.1
331000,93798,80540.0,0.1
332000,94082,80525.0,0.1
333000,94333,80515.0,0.1
335000,94828,80475.0,0.1
337000,95297,80420.0,0.1
338000,95544,80415.0,0.1
340000,96024,80380.0,0.1
341000,96240,80375.0,0.1
342000,96475,80375.0,0.1
343000,96771,80365.0,0.1
344000,97028,80365.0,0.1
345000,97298,80360.0,0.1
346000,97559,80360.0,0.1
348000,98104,80340.0,0.1
349000,98347,80320.0,0.1
352000,99196,80275.0,0.1
354000,99717,80275.0,0.1
355000,99982,80240.0,0.1
356000,100236,80220.0,0.1
357000,100483,80205.0,0.1
358000,100733,80205.0,0.1
359000,101012,80200.0,0.1
360000,101253,80200.0,0.1
361000,101502,80195.0,0.1
364000,102281,80185.0,0.1
365000,102537,80185.0,0.1
368000,103295,80140.0,0.1
369000,103575,80140.0,0.1
370000,103890,80140.0,0.1
372000,104453,80120.0,0.1
373000,104721,80105.0,0.1
374000,104985,80100.0,0.1
375000,105236,80090.0,0.1
376000,105483,80090.0,0.1
378000,105993,80090.0,0.1
379000,106259,80080.0,0.1
380000,106527,80065.0,0.1
382000,107042,80010.0,0.1
383000,107326,80005.0,0.1
384000,107659,79980.0,0.1
385000,107942,79980.0,0.1
386000,108212,79965.0,0.1
387000,108455,79965.0,0.1
388000,108686,79965.0,0.1
389000,109001,79880.0,0.1
390000,109285,79870.0,0.1
392000,109730,79845.0,0.1
393000,109967,79810.0,0.1
394000,110189,79810.0,0.1
395000,110422,79805.0,0.1
396000,110675,79800.0,0.1
399000,111366,79755.0,0.1
402000,112074,79740.0,0.1
406000,113097,79710.0,0.1
409000,113787,79680.0,0.1
410000,114129,79640.0,0.1
411000,114404,79600.0,0.1
412000,114661,79600.0,0.1
413000,114913,79585.0,0.1
415000,115429,79565.0,0.1
416000,115677,79565.0,0.1
417000,115916,79550.0,0.1
418000,116205,79505.0,0.1
420000,116680,79485.0,0.1
421000,116893,79475.0,0.1
423000,117332,79460.0,0.1
424000,117576,79460.0,0.1
425000,117831,79460.0,0.1
428000,118591,79455.0,0.1
430000,119127,79425.0,0.1
431000,119375,79415.0,0.1
436000,120623,79380.0,0.1
437000,120886,79380.0,0.1
438000,121109,79380.0,0.1
439000,121347,79380.0,0.1
440000,121568,79360.0,0.1
441000,121805,79360.0,0.1
442000,122073,79345.0,0.1
443000,122342,79345.0,0.1
444000,122645,79345.0,0.1
445000,122919,79340.0,0.1
446000,123158,79335.0,0.1
447000,123409,79145.0,0.1
449000,123905,79140.0,0.1
450000,124179,79130.0,0.1
451000,124411,79120.0,0.1
452000,124630,79115.0,0.1
453000,124870,79115.0,0.1
454000,125071,79115.0,0.1
456000,125528,79115.0,0.1
457000,125768,79105.0,0.1
458000,126004,79105.0,0.1
459000,126252,79100.0,0.1
460000,126481,79085.0,0.1
462000,126954,79075.0,0.1
467000,128172,79065.0,0.1
468000,128413,79065.0,0.1
469000,128664,79060.0,0.1
471000,129207,79025.0,0.1
472000,129454,79020.0,0.1
474000,129899,79015.0,0.1
475000,130134,79005.0,0.1
476000,130400,78760.0,0.1
479000,131145,78715.0,0.1
484000,132399,78690.0,0.1
485000,132669,78690.0,0.1
486000,133045,78675.0,0.1
487000,133310,78670.0,0.1
489000,133799,78670.0,0.1
491000,134333,78665.0,0.1
492000,134600,78665.0,0.1
493000,134856,78665.0,0.1
495000,135305,78650.0,0.1
496000,135558,78650.0,0.1
497000,135791,78640.0,0.1
498000,136061,78630.0,0.1
499000,136309,78625.0,0.1
500000,136587,78425.0,0.1
503000,137240,78405.0,0.1
504000,137462,78405.0,0.1
506000,137993,78380.0,0.1
511000,139264,78370.0,0.1
513000,139751,78320.0,0.1
515000,140205,78045.0,0.1
516000,140443,78040.0,0.1
518000,140903,78005.0,0.1
519000,141137,78005.0,0.1
521000,141655,77970.0,0.1
522000,141880,77970.0,0.1
523000,142126,77965.0,0.1
526000,142925,77935.0,0.1
527000,143170,77930.0,0.1
528000,143393,77925.0,0.1
530000,143863,77910.0,0.1
532000,144360,77890.0,0.1
533000,144605,77880.0,0.1
535000,145111,77870.0,0.1
536000,145428,77835.0,0.1
537000,145696,77835.0,0.1
538000,145943,77830.0,0.1
539000,146180,77820.0,0.1
540000,146426,77820.0,0.1
542000,146916,77820.0,0.1
544000,147391,77780.0,0.1
546000,147894,77770.0,0.1
547000,148141,77765.0,0.1
549000,148686,77700.0,0.1
550000,149011,77690.0,0.1
551000,149352,77690.0,0.1
553000,149951,77655.0,0.1
554000,150169,77655.0,0.1
555000,150395,77655.0,0.1
556000,150638,77655.0,0.1
558000,151181,77605.0,0.1
559000,151421,77605.0,0.1
560000,151661,77600.0,0.1
561000,151965,77600.0,0.1
562000,152216,77600.0,0.1
565000,152983,77560.0,0.1
566000,153250,77560.0,0.1
567000,153532,77550.0,0.1
568000,153779,77550.0,0.1
570000,154332,77535.0,0.1
571000,154594,77495.0,0.1
572000,154848,77495.0,0.1
573000,155104,77475.0,0.1
576000,155809,77460.0,0.1
579000,156479,77455.0,0.1
580000,156737,77425.0,0.1
582000,157191,77415.0,0.1
583000,157444,77415.0,0.1
584000,157693,77415.0,0.1
585000,157950,77415.0,0.1
586000,158171,77410.0,0.1
588000,158660,77380.0,0.1
590000,159132,77365.0,0.1
593000,159865,77340.0,0.1
594000,160111,77335.0,0.1
597000,160839,77320.0,0.1
599000,161315,77290.0,0.1
601000,161853,77285.0,0.1
602000,162076,77285.0,0.1
604000,162539,77265.0,0.1
605000,162799,77265.0,0.1
607000,163275,77260.0,0.1
608000,163509,77235.0,0.1
610000,163988,77235.0,0.1
611000,164234,77235.0,0.1
612000,164475,77235.0,0.1
614000,164952,77225.0,0.1
616000,165440,76905.0,0.1
617000,165688,76905.0,0.1
618000,165913,76875.0,0.1
622000,166934,76825.0,0.1
623000,167163,76825.0,0.1
624000,167425,76810.0,0.1
625000,167688,76805.0,0.1
626000,167956,76795.0,0.1
628000,168474,76785.0,0.1
629000,168724,76780.0,0.1
631000,169258,76775.0,0.1
633000,169771,76760.0,0.1
635000,170246,76750.0,0.1
636000,170508,76715.0,0.1
637000,170765,76710.0,0.1
638000,170985,76710.0,0.1
639000,171246,76690.0,0.1
641000,171689,76690.0,0.1
643000,172123,76660.0,0.1
644000,172363,76645.0,0.1
645000,172622,76420.0,0.1
647000,173092,76125.0,0.1
648000,173339,76115.0,0.1
649000,173613,76110.0,0.1
650000,173927,76110.0,0.1
653000,174720,76110.0,0.1
654000,174951,76095.0,0.1
655000,175165,76095.0,0.1
657000,175626,76045.0,0.1
659000,176093,76045.0,0.1
660000,176334,76045.0,0.1
662000,176797,76030.0,0.1
663000,177045,76030.0,0.1
666000,177782,76010.0,0.1
667000,178031,76005.0,0.1
669000,178449,76000.0,0.1
670000,178683,76000.0,0.1
671000,178936,76000.0,0.1
672000,179213,76000.0,0.1
673000,179457,75995.0,0.1
674000,179704,75995.0,0.1
676000,180178,75995.0,0.1
677000,180412,75990.0,0.1
678000,180661,75955.0,0.1
679000,180908,75955.0,0.1
680000,181129,75955.0,0.1
681000,181322,75955.0,0.1
684000,181978,75955.0,0.1
689000,183170,75945.0,0.1
690000,183409,75935.0,0.1
691000,183635,75935.0,0.1
692000,183859,75935.0,0.1
693000,184102,75935.0,0.1
694000,184363,75925.0,0.1
695000,184620,75920.0,0.1
698000,185281,75915.0,0.1
699000,185535,75915.0,0.1
700000,185779,75915.0,0.1
701000,186020,75915.0,0.1
703000,186502,75905.0,0.1
704000,186766,75905.0,0.1
705000,187010,75905.0,0.1
706000,187222,75905.0,0.1
708000,187734,75885.0,0.1
709000,187998,75875.0,0.1
711000,188502,75875.0,0.1
712000,188769,75875.0,0.1
713000,189059,75855.0,0.1
714000,189330,75855.0,0.1
715000,189562,75820.0,0.1
716000,189859,75820.0,0.1
717000,190105,75820.0,0.1
718000,190348,75820.0,0.1
719000,190573,75815.0,0.1
720000,190790,75545.0,0.1
721000,190999,75545.0,0.1
722000,191202,75545.0,0.1
723000,191415,75545.0,0.1
724000,191686,75535.0,0.1
726000,192187,75525.0,0.1
727000,192406,75525.0,0.1
728000,192631,75525.0,0.1
729000,192870,75525.0,0.1
730000,193083,75525.0,0.1
732000,193531,75520.0,0.1
733000,193751,75510.0,0.1
734000,193988,75505.0,0.1
735000,194242,75505.0,0.1
736000,194516,75495.0,0.1
740000,195359,75490.0,0.1
742000,195819,75490.0,0.1
743000,196052,75490.0,0.1
747000,196992,75480.0,0.1
748000,197227,75480.0,0.1
749000,197429,75480.0,0.1
750000,197656,75480.0,0.1
753000,198376,75480.0,0.1
754000,198591,75475.0,0.1
756000,199023,75450.0,0.1
757000,199276,75450.0,0.1
758000,199515,75445.0,0.1
759000,199715,75445.0,0.1
760000,199905,75445.0,0.1
761000,200117,75445.0,0.1
765000,200956,75430.0,0.1
766000,201162,75425.0,0.1
767000,201373,75425.0,0.1
769000,201816,75425.0,0.1
770000,202025,75425.0,0.1
771000,202253,75405.0,0.1
772000,202466,75395.0,0.1
773000,202708,75355.0,0.1
775000,203220,75320.0,0.1
776000,203432,75320.0,0.1
777000,203671,75320.0,0.1
778000,203906,75320.0,0.1
779000,204190,75310.0,0.1
780000,204467,75300.0,0.1
781000,204730,75295.0,0.1
782000,204958,75295.0,0.1
783000,205204,75285.0,0.1
784000,205441,75275.0,0.1
785000,205645,75275.0,0.1
786000,205843,75270.0,0.1
787000,206101,75270.0,0.1
788000,206301,75265.0,0.1
789000,206524,75265.0,0.1
791000,207016,75260.0,0.1
793000,207492,75250.0,0.1
797000,208397,75250.0,0.1
799000,208788,75245.0,0.1
800000,209033,75240.0,0.1
801000,209289,75240.0,0.1
803000,209741,75230.0,0.1
804000,209938,75215.0,0.1
806000,210362,75205.0,0.1
807000,210595,74920.0,0.1
808000,210813,74920.0,0.1
809000,211047,74920.0,0.1
810000,211273,74915.0,0.1
811000,211497,74915.0,0.1
812000,211721,74915.0,0.1
814000,212168,74915.0,0.1
815000,212370,74915.0,0.1
818000,213061,74900.0,0.1
819000,213317,74900.0,0.1
820000,213608,74890.0,0.1
823000,214380,74880.0,0.1
824000,214671,74870.0,0.1
825000,215060,74860.0,0.1
826000,215389,74860.0,0.1
827000,215695,74850.0,0.1
828000,215966,74850.0,0.1
829000,216224,74845.0,0.1
830000,216470,74845.0,0.1
831000,216721,74845.0,0.1
832000,216965,74845.0,0.1
834000,217643,74835.0,0.1
837000,218565,74825.0,0.1
838000,218872,74825.0,0.1
839000,219264,74815.0,0.1
841000,219951,74810.0,0.1
842000,220261,74810.0,0.1
843000,220544,74810.0,0.1
845000,221133,74805.0,0.1
846000,221461,74775.0,0.1
847000,221796,74775.0,0.1
848000,222077,74775.0,0.1
852000,223380,74770.0,0.1
853000,223607,74770.0,0.1
854000,223923,74770.0,0.1
856000,224643,74765.0,0.1
857000,225068,74750.0,0.1
858000,225331,74750.0,0.1
859000,225594,74750.0,0.1
860000,225870,74745.0,0.1
861000,226137,74735.0,0.1
863000,226663,74725.0,0.1
864000,226911,74715.0,0.1
865000,227142,74715.0,0.1
866000,227374,74710.0,0.1
867000,227621,74710.0,0.1
868000,227884,74710.0,0.1
869000,228174,74710.0,0.1
870000,228395,74710.0,0.1
872000,228872,74695.0,0.1
874000,229372,74695.0,0.1
875000,229611,74690.0,0.1
876000,229854,74690.0,0.1
878000,230394,74690.0,0.1
882000,231394,74630.0,0.1
886000,232413,74625.0,0.1
887000,232665,74625.0,0.1
889000,233216,74600.0,0.1
890000,233489,74590.0,0.1
891000,233769,74590.0,0.1
892000,234118,74590.0,0.1
894000,234688,74585.0,0.1
895000,234976,74315.0,0.1
896000,235250,74315.0,0.1
897000,235574,74315.0,0.1
898000,235826,74310.0,0.1
902000,236902,74305.0,0.1
903000,237153,74305.0,0.1
904000,237392,74305.0,0.1
906000,237945,74305.0,0.1
908000,238422,74305.0,0.1
911000,239166,74305.0,0.1
913000,239740,74285.0,0.1
916000,240549,74280.0,0.1
918000,241057,74275.0,0.1
919000,241323,74260.0,0.1
920000,241637,74255.0,0.1
921000,241948,74255.0,0.1
922000,242212,74255.0,0.1
923000,242464,74255.0,0.1
924000,242735,74255.0,0.1
925000,243112,74235.0,0.1
927000,243691,74230.0,0.1
928000,243925,74230.0,0.1
930000,244451,74225.0,0.1
932000,244989,74225.0,0.1
933000,245230,74225.0,0.1
935000,245682,74225.0,0.1
940000,246964,74205.0,0.1
943000,247748,74205.0,0.1
946000,248523,73940.0,0.1
947000,248779,73940.0,0.1
948000,249035,73930.0,0.1
950000,249558,73920.0,0.1
951000,249801,73920.0,0.1
952000,250055,73915.0,0.1
955000,250782,73910.0,0.1
956000,251006,73910.0,0.1
957000,251238,73905.0,0.1
958000,251463,73905.0,0.1
959000,251736,73895.0,0.1
960000,251967,73895.0,0.1
962000,252446,73895.0,0.1
963000,252689,73895.0,0.1
964000,252937,73895.0,0.1
966000,253408,73895.0,0.1
967000,253653,73895.0,0.1
968000,253882,73895.0,0.1
974000,255302,73885.0,0.1
976000,255786,73885.0,0.1
977000,256021,73885.0,0.1
978000,256266,73885.0,0.1
979000,256474,73885.0,0.1
981000,256939,73885.0,0.1
982000,257185,73885.0,0.1
984000,257658,73885.0,0.1
986000,258129,73885.0,0.1
987000,258356,73885.0,0.1
989000,258815,73865.0,0.1
990000,259031,73865.0,0.1
991000,259288,73865.0,0.1
992000,259533,73865.0,0.1
993000,259775,73865.0,0.1
994000,259990,73865.0,0.1
995000,260243,73865.0,0.1
997000,260706,73860.0,0.1
998000,260948,73860.0,0.1
999000,261200,73860.0,0.1
1000000,261409,73860.0,0.1
1001000,261619,73860.0,0.1
1003000,262042,73860.0,0.1
1005000,262485,73860.0,0.1
1006000,262686,73860.0,0.1
1007000,262937,73835.0,0.1
1008000,263160,73835.0,0.1
1009000,263402,73830.0,0.1
1010000,263625,73825.0,0.1
1012000,264005,73825.0,0.1
1015000,264693,73810.0,0.1
1016000,264887,73810.0,0.1
1017000,265113,73810.0,0.1
1018000,265327,73810.0,0.1
1019000,265574,73810.0,0.1
1020000,265779,73805.0,0.1
1021000,265979,73800.0,0.1
1023000,266423,73780.0,0.1
1025000,266859,73770.0,0.1
1028000,267507,73765.0,0.1
1029000,267756,73750.0,0.1
1030000,267992,73750.0,0.1
1031000,268222,73745.0,0.1
1032000,268433,73745.0,0.1
1034000,268884,73745.0,0.1
1035000,269065,73745.0,0.1
1036000,269311,73730.0,0.1
1038000,269770,73730.0,0.1
1039000,270006,73730.0,0.1
1040000,270243,73730.0,0.1
1041000,270458,73730.0,0.1
1043000,270939,73730.0,0.1
1046000,271527,73730.0,0.1
1047000,271737,73725.0,0.1
1048000,271967,73715.0,0.1
1049000,272182,73715.0,0.1
1050000,272404,73715.0,0.1
1052000,272865,73710.0,0.1
1053000,273111,73710.0,0.1
1055000,273526,73710.0,0.1
1056000,273749,73705.0,0.1
1057000,273977,73700.0,0.1
1058000,274209,73700.0,0.1
1059000,274453,73695.0,0.1
1061000,274901,73695.0,0.1
1062000,275091,73695.0,0.1
1063000,275325,73695.0,0.1
1065000,275758,73695.0,0.1
1071000,277033,73675.0,0.1
1072000,277274,73665.0,0.1
1075000,277937,73655.0,0.1
1076000,278138,73655.0,0.1
1077000,278330,73655.0,0.1
1078000,278561,73655.0,0.1
1079000,278788,73655.0,0.1
1081000,279209,73645.0,0.1
1082000,279448,73645.0,0.1
1083000,279654,73645.0,0.1
1086000,280276,73635.0,0.1
1087000,280480,73635.0,0.1
1088000,280706,73635.0,0.1
1089000,280937,73635.0,0.1
1090000,281152,73635.0,0.1
1092000,281535,73635.0,0.1
1093000,281762,73635.0,0.1
1097000,282614,73635.0,0.1
1099000,283067,73635.0,0.1
1100000,283279,73635.0,0.1
1102000,283663,73635.0,0.1
1103000,283847,73630.0,0.1
1104000,284047,73630.0,0.1
1107000,284723,73630.0,0.1
1108000,284936,73630.0,0.1
1110000,285386,73630.0,0.1
1111000,285623,73630.0,0.1
1113000,286047,73630.0,0.1
1115000,286491,73630.0,0.1
1118000,287155,73630.0,0.1
1119000,287388,73630.0,0.1
1120000,287607,73630.0,0.1
1121000,287861,73620.0,0.1
1122000,288095,73620.0,0.1
1123000,288290,73620.0,0.1
1124000,288511,73620.0,0.1
1126000,288996,73615.0,0.1
1127000,289248,73610.0,0.1
1128000,289506,73610.0,0.1
1129000,289715,73610.0,0.1
1130000,289926,73610.0,0.1
1131000,290158,73610.0,0.1
1133000,290643,73610.0,0.1
1134000,290892,73610.0,0.1
1137000,291484,73610.0,0.1
1141000,292343,73605.0,0.1
1142000,292549,73600.0,0.1
1144000,293031,73595.0,0.1
1145000,293258,73595.0,0.1
1146000,293502,73590.0,0.1
1147000,293740,73590.0,0.1
1148000,293939,73590.0,0.1
1149000,294145,73590.0,0.1
1150000,294397,73560.0,0.1
1157000,296038,73555.0,0.1
1160000,296663,73550.0,0.1
1162000,297117,73550.0,0.1
1163000,297301,73550.0,0.1
1164000,297513,73545.0,0.1
1166000,297984,73545.0,0.1
1167000,298199,73545.0,0.1
1168000,298394,73545.0,0.1
1169000,298617,73545.0,0.1
1170000,298795,73545.0,0.1
1171000,298989,73545.0,0.1
1172000,299247,73535.0,0.1
1173000,299486,73530.0,0.1
1174000,299719,73525.0,0.1
1176000,300191,73525.0,0.1
1179000,300829,73515.0,0.1
1180000,301060,73515.0,0.1
1181000,301272,73515.0,0.1
1182000,301504,73515.0,0.1
1184000,301919,73515.0,0.1
1186000,302370,73505.0,0.1
1187000,302596,73505.0,0.1
1188000,302822,73505.0,0.1
1190000,303279,73505.0,0.1
1192000,303773,73500.0,0.1
1193000,303977,73500.0,0.1
1194000,304196,73500.0,0.1
1196000,304667,73500.0,0.1
1197000,304891,73500.0,0.1
1198000,305093,73500.0,0.1
1199000,305326,73500.0,0.1
1200000,305538,73485.0,0.1
1201000,305745,73485.0,0.1
1202000,305968,73485.0,0.1
1203000,306195,73485.0,0.1
1204000,306403,73485.0,0.1
1205000,306617,73485.0,0.1
1206000,306829,73485.0,0.1
1207000,307064,73480.0,0.1
1208000,307288,73480.0,0.1
1209000,307487,73475.0,0.1
1210000,307715,73475.0,0.1
1211000,307931,73470.0,0.1
1212000,308166,73470.0,0.1
1216000,309042,73450.0,0.1
1217000,309286,73450.0,0.1
1218000,309518,73445.0,0.1
1219000,309744,73445.0,0.1
1221000,310167,73440.0,0.1
1222000,310402,73440.0,0.1
1224000,310838,73210.0,0.1
1225000,311074,73210.0,0.1
1226000,311289,73210.0,0.1
1228000,311741,73210.0,0.1
1229000,311954,73210.0,0.1
1230000,312154,73210.0,0.1
1231000,312378,73210.0,0.1
1232000,312620,73205.0,0.1
1233000,312823,73170.0,0.1
1234000,313062,73170.0,0.1
1235000,313272,73170.0,0.1
1236000,313516,73165.0,0.1
1237000,313707,73165.0,0.1
1240000,314387,73130.0,0.1
1241000,314641,73120.0,0.1
1242000,314882,73120.0,0.1
1243000,315139,73120.0,0.1
1244000,315366,73120.0,0.1
1249000,316508,73095.0,0.1
1251000,316979,73095.0,0.1
1253000,317401,73090.0,0.1
1254000,317632,73090.0,0.1
1257000,318343,73090.0,0.1
1258000,318560,73090.0,0.1
1259000,318785,73090.0,0.1
1260000,318998,73090.0,0.1
1261000,319232,73090.0,0.1
1262000,319478,73090.0,0.1
1264000,319944,73085.0,0.1
1265000,320146,73085.0,0.1
1266000,320366,73085.0,0.1
1268000,320806,73085.0,0.1
1269000,321054,73080.0,0.1
1270000,321278,73080.0,0.1
1271000,321511,73080.0,0.1
1272000,321733,73080.0,0.1
1273000,321969,73080.0,0.1
1274000,322195,73080.0,0.1
1275000,322429,73075.0,0.1
1277000,322813,73075.0,0.1
1278000,323045,73075.0,0.1
1280000,323488,73075.0,0.1
1281000,323732,73075.0,0.1
1282000,323988,73075.0,0.1
1285000,324690,73070.0,0.1
1288000,325344,73070.0,0.1
1289000,325575,73070.0,0.1
1291000,326011,73065.0,0.1
1293000,326476,73065.0,0.1
1294000,326706,73065.0,0.1
1295000,326921,73065.0,0.1
1297000,327339,73065.0,0.1
1298000,327582,73065.0,0.1
1299000,327806,73065.0,0.1
1300000,328051,73065.0,0.1
1301000,328277,73065.0,0.1
1302000,328497,73065.0,0.1
1303000,328691,73065.0,0.1
1304000,328916,73065.0,0.1
1305000,329095,73065.0,0.1
1306000,329334,73065.0,0.1
1307000,329586,73060.0,0.1
1308000,329810,73060.0,0.1
1309000,330029,73060.0,0.1
1310000,330225,73060.0,0.1
1311000,330441,73060.0,0.1
1312000,330692,73060.0,0.1
1314000,331111,73060.0,0.1
1315000,331353,73060.0,0.1
1316000,331567,73060.0,0.1
1317000,331776,73060.0,0.1
1318000,331978,73045.0,0.1
1319000,332151,73045.0,0.1
1320000,332362,73045.0,0.1
1321000,332581,73045.0,0.1
1322000,332816,73045.0,0.1
1324000,333289,73030.0,0.1
1325000,333521,73030.0,0.1
1326000,333709,73030.0,0.1
1327000,333940,73030.0,0.1
1330000,334640,73030.0,0.1
1331000,334867,73030.0,0.1
1332000,335080,73030.0,0.1
1333000,335305,73030.0,0.1
1334000,335532,73030.0,0.1
1336000,335963,73030.0,0.1
1337000,336171,73030.0,0.1
1342000,337289,73030.0,0.1
1343000,337494,73030.0,0.1
1344000,337714,73030.0,0.1
1345000,337951,72780.0,0.1
1347000,338421,72780.0,0.1
1348000,338649,72780.0,0.1
1351000,339376,72770.0,0.1
1352000,339604,72760.0,0.1
1354000,340059,72760.0,0.1
1355000,340250,72755.0,0.1
1356000,340432,72755.0,0.1
1358000,340856,72750.0,0.1
1359000,341055,72750.0,0.1
1360000,341257,72750.0,0.1
1361000,341488,72750.0,0.1
1362000,341710,72750.0,0.1
1363000,341931,72750.0,0.1
1365000,342366,72745.0,0.1
1366000,342568,72745.0,0.1
1368000,343025,72745.0,0.1
1369000,343250,72745.0,0.1
1370000,343445,72745.0,0.1
1371000,343638,72745.0,0.1
1372000,343891,72740.0,0.1
1373000,344094,72740.0,0.1
1374000,344333,72730.0,0.1
1376000,344788,72725.0,0.1
1379000,345477,72725.0,0.1
1380000,345687,72725.0,0.1
1382000,346078,72725.0,0.1
1383000,346260,72725.0,0.1
1385000,346678,72720.0,0.1
1388000,347343,72720.0,0.1
1389000,347567,72720.0,0.1
1391000,347988,72720.0,0.1
1392000,348217,72720.0,0.1
1393000,348420,72720.0,0.1
1394000,348661,72705.0,0.1
1395000,348859,72705.0,0.1
1396000,349036,72705.0,0.1
1397000,349262,72705.0,0.1
1398000,349491,72705.0,0.1
1401000,350143,72695.0,0.1
1402000,350337,72695.0,0.1
1404000,350751,72665.0,0.1
1405000,350973,72665.0,0.1
1406000,351164,72665.0,0.1
1407000,351407,72650.0,0.1
1408000,351634,72650.0,0.1
1411000,352338,72645.0,0.1
1412000,352563,72645.0,0.1
1413000,352802,72635.0,0.1
1414000,353022,72635.0,0.1
1419000,354182,72580.0,0.1
1422000,354906,72580.0,0.1
1423000,355120,72575.0,0.1
1425000,355551,72570.0,0.1
1426000,355762,72570.0,0.1
1427000,355996,72570.0,0.1
1428000,356220,72565.0,0.1
1429000,356432,72565.0,0.1
1430000,356661,72565.0,0.1
1431000,356868,72565.0,0.1
1432000,357111,72560.0,0.1
1433000,357305,72560.0,0.1
1434000,357528,72560.0,0.1
1435000,357741,72560.0,0.1
1437000,358194,72560.0,0.1
1438000,358396,72555.0,0.1
1439000,358580,72555.0,0.1
1440000,358812,72555.0,0.1
1441000,359019,72555.0,0.1
1442000,359241,72555.0,0.1
1443000,359488,72555.0,0.1
1444000,359719,72555.0,0.1
1445000,359992,72550.0,0.1
1447000,360441,72545.0,0.1
1448000,360680,72545.0,0.1
1450000,361114,72545.0,0.1
1457000,362707,72540.0,0.1
1458000,362935,72540.0,0.1
1459000,363182,72535.0,0.1
1460000,363389,72535.0,0.1
1462000,363830,72535.0,0.1
1463000,364037,72535.0,0.1
1465000,364451,72535.0,0.1
1467000,364914,72535.0,0.1
1468000,365139,72535.0,0.1
1469000,365338,72535.0,0.1
1471000,365742,72535.0,0.1
1476000,366788,72535.0,0.1
1477000,367037,72520.0,0.1
1478000,367266,72520.0,0.1
1480000,367752,72520.0,0.1
1482000,368210,72515.0,0.1
1484000,368654,72515.0,0.1
1485000,368899,72510.0,0.1
1486000,369146,72510.0,0.1
1489000,369809,72510.0,0.1
1490000,370041,72510.0,0.1
1493000,370700,72510.0,0.1
1494000,370894,72510.0,0.1
1495000,371109,72510.0,0.1
1497000,371588,72500.0,0.1
1498000,371786,72500.0,0.1
1499000,372016,72495.0,0.1
1500000,372250,72485.0,0.1
1501000,372490,72485.0,0.1
1502000,372729,72485.0,0.1
1504000,373173,72485.0,0.1
1505000,373414,72485.0,0.1
1508000,374089,72485.0,0.1
1513000,375234,72485.0,0.1
1514000,375476,72485.0,0.1
1516000,375866,72485.0,0.1
1517000,376099,72485.0,0.1
1519000,376515,72485.0,0.1
1520000,376707,72485.0,0.1
1522000,377112,72485.0,0.1
1523000,377327,72485.0,0.1
1524000,377506,72485.0,0.1
1525000,377742,72485.0,0.1
1526000,377950,72485.0,0.1
1527000,378186,72485.0,0.1
1528000,378377,72485.0,0.1
1530000,378829,72485.0,0.1
1534000,379794,72485.0,0.1
1536000,380279,72485.0,0.1
1539000,380937,72470.0,0.1
1541000,381348,72470.0,0.1
1543000,381819,72460.0,0.1
1544000,382018,72460.0,0.1
1545000,382234,72460.0,0.1
1546000,382465,72460.0,0.1
1548000,382889,72455.0,0.1
1549000,383125,72455.0,0.1
1550000,383348,72450.0,0.1
1551000,383592,72450.0,0.1
1552000,383782,72450.0,0.1
1553000,383996,72450.0,0.1
1558000,385118,72445.0,0.1
1559000,385328,72445.0,0.1
1561000,385802,72445.0,0.1
1562000,386019,72445.0,0.1
1564000,386485,72430.0,0.1
1565000,386696,72430.0,0.1
1566000,386914,72430.0,0.1
1568000,387273,72430.0,0.1
1569000,387503,72425.0,0.1
1570000,387708,72425.0,0.1
1571000,387924,72425.0,0.1
1572000,388176,72425.0,0.1
1574000,388660,72425.0,0.1
1575000,388909,72425.0,0.1
1576000,389140,72425.0,0.1
1577000,389379,72425.0,0.1
1578000,389614,72425.0,0.1
1579000,389822,72425.0,0.1
1580000,390045,72425.0,0.1
1584000,390904,72415.0,0.1
1585000,391136,72415.0,0.1
1590000,392253,72405.0,0.1
1591000,392476,72380.0,0.1
1592000,392703,72380.0,0.1
1593000,392937,72380.0,0.1
1594000,393181,72380.0,0.1
1595000,393411,72380.0,0.1
1596000,393650,72380.0,0.1
1597000,393887,72380.0,0.1
1598000,394110,72380.0,0.1
1599000,394334,72380.0,0.1
1600000,394569,72375.0,0.1
1602000,395008,72375.0,0.1
1606000,395922,72375.0,0.1
1607000,396139,72375.0,0.1
1609000,396604,72370.0,0.1
1614000,397800,72355.0,0.1
1615000,398028,72355.0,0.1
1617000,398473,72355.0,0.1
1621000,399323,72355.0,0.1
1622000,399560,72355.0,0.1
1623000,399774,72355.0,0.1
1624000,399979,72355.0,0.1
1625000,400190,72355.0,0.1
1626000,400399,72335.0,0.1
1627000,400591,72335.0,0.1
1629000,401052,72335.0,0.1
1632000,401646,72335.0,0.1
1634000,402085,72325.0,0.1
1635000,402291,72325.0,0.1
1636000,402465,72325.0,0.1
1638000,402862,72325.0,0.1
1639000,403092,72325.0,0.1
1640000,403333,72320.0,0.1
1642000,403799,72320.0,0.1
1644000,404254,72315.0,0.1
1645000,404507,72315.0,0.1
1646000,404721,72315.0,0.1
1648000,405113,72315.0,0.1
1649000,405319,72315.0,0.1
1650000,405522,72315.0,0.1
1651000,405736,72315.0,0.1
1653000,406192,72315.0,0.1
1654000,406422,72315.0,0.1
1655000,406622,72310.0,0.1
1658000,407202,72310.0,0.1
1659000,407419,72310.0,0.1
1660000,407641,72305.0,0.1
1661000,407885,72305.0,0.1
1662000,408125,72300.0,0.1
1663000,408363,72300.0,0.1
1664000,408564,72300.0,0.1
1666000,408997,72295.0,0.1
1668000,409474,72295.0,0.1
1669000,409698,72285.0,0.1
1671000,410132,72280.0,0.1
1672000,410347,72280.0,0.1
1674000,410730,72275.0,0.1
1675000,410938,72275.0,0.1
1677000,411401,72275.0,0.1
1678000,411603,72275.0,0.1
1680000,412005,72275.0,0.1
1682000,412418,72275.0,0.1
1683000,412642,72275.0,0.1
1684000,412884,72275.0,0.1
1686000,413381,72270.0,0.1
1688000,413825,72265.0,0.1
1689000,414063,72260.0,0.1
1690000,414328,72260.0,0.1
1691000,414567,72255.0,0.1
1692000,414777,72255.0,0.1
1694000,415169,72255.0,0.1
1695000,415398,72255.0,0.1
1696000,415639,72255.0,0.1
1698000,416099,72255.0,0.1
1700000,416549,72245.0,0.1
1701000,416752,72245.0,0.1
1702000,416988,72240.0,0.1
1703000,417164,72240.0,0.1
1705000,417599,72240.0,0.1
1707000,418069,72240.0,0.1
1711000,418996,72235.0,0.1
1712000,419208,72235.0,0.1
1713000,419433,72235.0,0.1
1716000,420251,72230.0,0.1
1717000,420471,72230.0,0.1
1718000,420700,72225.0,0.1
1720000,421130,72225.0,0.1
1721000,421373,72225.0,0.1
1722000,421605,72225.0,0.1
1723000,421812,72225.0,0.1
1724000,422021,72220.0,0.1
1725000,422255,72220.0,0.1
1727000,422691,72220.0,0.1
1728000,422925,72220.0,0.1
1729000,423148,72220.0,0.1
1732000,423854,72215.0,0.1
1733000,424075,72215.0,0.1
1734000,424276,72215.0,0.1
1735000,424506,72215.0,0.1
1736000,424719,72215.0,0.1
1738000,425170,72215.0,0.1
1740000,425577,72210.0,0.1
1741000,425796,72210.0,0.1
1743000,426251,72210.0,0.1
1745000,426701,72210.0,0.1
1746000,426928,72210.0,0.1
1747000,427135,72210.0,0.1
1750000,427801,72210.0,0.1
1751000,428040,72210.0,0.1
1752000,428282,72210.0,0.1
1754000,428730,72210.0,0.1
1755000,428964,72210.0,0.1
1756000,429162,72210.0,0.1
1757000,429374,72210.0,0.1
1760000,429976,72210.0,0.1
1763000,430600,72200.0,0.1
1764000,430828,72200.0,0.1
1767000,431486,72200.0,0.1
1768000,431716,72190.0,0.1
1769000,431936,72190.0,0.1
1770000,432172,72190.0,0.1
1771000,432372,72190.0,0.1
1772000,432596,72190.0,0.1
1776000,433478,72190.0,0.1
1777000,433709,72190.0,0.1
1778000,433934,72190.0,0.1
1780000,434362,72190.0,0.1
1781000,434602,72190.0,0.1
1782000,434809,72190.0,0.1
1784000,435267,72190.0,0.1
1785000,435477,72190.0,0.1
1786000,435703,72190.0,0.1
1787000,435881,72190.0,0.1
1788000,436105,72190.0,0.1
1789000,436343,72190.0,0.1
1790000,436585,72190.0,0.1
1791000,436819,72185.0,0.1
1793000,437242,72175.0,0.1
1794000,437473,72175.0,0.1
1795000,437678,72175.0,0.1
1797000,438094,72160.0,0.1
1798000,438325,72160.0,0.1
1799000,438537,72160.0,0.1
1800000,438760,72160.0,0.1
1802000,439194,72160.0,0.1
1803000,439434,72160.0,0.1
1804000,439662,72160.0,0.1
1805000,439873,72160.0,0.1
1806000,440086,72160.0,0.1
1807000,440284,72160.0,0.1
1808000,440487,72160.0,0.1
1809000,440714,72160.0,0.1
1810000,440928,72160.0,0.1
1811000,441130,72155.0,0.1
1814000,441797,72155.0,0.1
1815000,442035,72155.0,0.1
1816000,442238,72150.0,0.1
1817000,442453,72150.0,0.1
1818000,442687,72150.0,0.1
1820000,443130,72150.0,0.1
1822000,443568,72150.0,0.1
1823000,443787,72150.0,0.1
1824000,443997,72150.0,0.1
1825000,444209,72150.0,0.1
1826000,444431,72150.0,0.1
1827000,444646,72150.0,0.1
1828000,444880,72150.0,0.1
1829000,445129,72150.0,0.1
1830000,445339,72150.0,0.1
1833000,445986,72150.0,0.1
1834000,446213,72150.0,0.1
1835000,446458,72150.0,0.1
1836000,446717,72150.0,0.1
1837000,446959,72150.0,0.1
1838000,447198,72150.0,0.1
1839000,447419,72150.0,0.1
1840000,447662,72150.0,0.1
1841000,447912,72145.0,0.1
1846000,449074,72135.0,0.1
1847000,449287,72135.0,0.1
1849000,449755,72135.0,0.1
1850000,449951,72130.0,0.1
1851000,450174,72130.0,0.1
1852000,450365,72130.0,0.1
1854000,450819,72130.0,0.1
1855000,451001,72130.0,0.1
1857000,451398,72130.0,0.1
1858000,451623,72130.0,0.1
1859000,451862,72130.0,0.1
1860000,452099,72125.0,0.1
1861000,452316,72125.0,0.1
1862000,452504,72125.0,0.1
1864000,452931,72125.0,0.1
1865000,453175,72125.0,0.1
1868000,453878,72125.0,0.1
1870000,454324,72125.0,0.1
1872000,454775,72120.0,0.1
1874000,455195,72120.0,0.1
1876000,455649,72120.0,0.1
1877000,455877,72120.0,0.1
1878000,456103,72115.0,0.1
1879000,456299,72115.0,0.1
1880000,456524,72115.0,0.1
1881000,456777,72115.0,0.1
1883000,457198,72115.0,0.1
1884000,457401,72115.0,0.1
1886000,457850,72115.0,0.1
1887000,458066,72115.0,0.1
1888000,458296,72115.0,0.1
1889000,458526,72115.0,0.1
1890000,458760,72115.0,0.1
1891000,458960,72115.0,0.1
1892000,459153,72115.0,0.1
1894000,459606,72110.0,0.1
1896000,460025,72110.0,0.1
1898000,460447,72110.0,0.1
1900000,460934,72110.0,0.1
1901000,461126,72105.0,0.1
1903000,461565,72105.0,0.1
1904000,461752,72105.0,0.1
1905000,462000,72105.0,0.1
1906000,462193,72105.0,0.1
1907000,462413,72105.0,0.1
1908000,462592,72105.0,0.1
1910000,463005,72105.0,0.1
1911000,463242,72105.0,0.1
1913000,463690,72100.0,0.1
1914000,463873,72100.0,0.1
1915000,464092,72100.0,0.1
1917000,464500,72100.0,0.1
1918000,464725,72100.0,0.1
1919000,464938,72100.0,0.1
1920000,465177,72100.0,0.1
1921000,465404,72100.0,0.1
1922000,465628,72100.0,0.1
1923000,465834,72100.0,0.1
1926000,466496,72095.0,0.1
1928000,466911,72095.0,0.1
1929000,467156,72095.0,0.1
1930000,467382,72095.0,0.1
1931000,467578,72095.0,0.1
1932000,467807,72095.0,0.1
1933000,468029,72095.0,0.1
1934000,468264,72095.0,0.1
1936000,468682,72095.0,0.1
1937000,468914,72095.0,0.1
1939000,469377,72095.0,0.1
1943000,470332,72095.0,0.1
1945000,470748,72095.0,0.1
1948000,471397,72095.0,0.1
1950000,471840,72095.0,0.1
1951000,472073,72095.0,0.1
1952000,472283,72095.0,0.1
1954000,472713,72090.0,0.1
1956000,473140,72090.0,0.1
1957000,473382,72085.0,0.1
1958000,473592,72085.0,0.1
1959000,473801,72085.0,0.1
1960000,473977,72085.0,0.1
1961000,474218,72085.0,0.1
1964000,474936,72075.0,0.1
1965000,475145,72065.0,0.1
1968000,475821,72065.0,0.1
1969000,476028,72065.0,0.1
1970000,476253,72065.0,0.1
1972000,476686,72065.0,0.1
1974000,477148,72065.0,0.1
1976000,477600,72065.0,0.1
1977000,477811,72065.0,0.1
1978000,478046,72065.0,0.1
1979000,478277,72065.0,0.1
1980000,478510,72065.0,0.1
1983000,479139,72055.0,0.1
1984000,479371,72055.0,0.1
1987000,480069,72055.0,0.1
1989000,480461,72055.0,0.1
1991000,480922,72055.0,0.1
1992000,481140,72055.0,0.1
1993000,481350,72055.0,0.1
1994000,481555,72055.0,0.1
1995000,481764,72050.0,0.1
1996000,481993,72050.0,0.1
1997000,482241,72050.0,0.1
1998000,482459,72050.0,0.1
1999000,482690,72050.0,0.1
2001000,483107,72050.0,0.1
2002000,483356,72050.0,0.1
2004000,483825,72050.0,0.1
2005000,484062,72050.0,0.1
2006000,484288,72050.0,0.1
2007000,484525,72050.0,0.1
2008000,484769,72045.0,0.1
2009000,484996,72045.0,0.1
2010000,485227,72040.0,0.1
2011000,485439,72040.0,0.1
2012000,485688,72040.0,0.1
2013000,485943,72040.0,0.1
2014000,486163,72040.0,0.1
2015000,486361,72040.0,0.1
2017000,486784,72040.0,0.1
2019000,487263,72030.0,0.1
2020000,487509,72030.0,0.1
2021000,487750,72030.0,0.1
2023000,488208,72030.0,0.1
2024000,488449,72030.0,0.1
2026000,488895,72030.0,0.1
2027000,489139,72030.0,0.1
2028000,489348,72030.0,0.1
2029000,489596,72030.0,0.1
2030000,489852,72030.0,0.1
2032000,490316,72030.0,0.1
2033000,490558,71755.0,0.1
2035000,490979,71750.0,0.1
2036000,491201,71750.0,0.1
2037000,491410,71750.0,0.1
2038000,491649,71750.0,0.1
2039000,491893,71750.0,0.1
2040000,492149,71750.0,0.1
2041000,492428,71750.0,0.1
2042000,492682,71750.0,0.1
2043000,492929,71750.0,0.1
2046000,493724,71750.0,0.1
2047000,493998,71745.0,0.1
2048000,494278,71745.0,0.1
2049000,494536,71745.0,0.1
2051000,495068,71745.0,0.1
2052000,495351,71745.0,0.1
2053000,495609,71745.0,0.1
2054000,495885,71745.0,0.1
2055000,496161,71745.0,0.1
2057000,496709,71740.0,0.1
2060000,497491,71740.0,0.1
2061000,497747,71740.0,0.1
2062000,498044,71740.0,0.1
2064000,498627,71740.0,0.1
2066000,499111,71740.0,0.1
2068000,499562,71730.0,0.1
2069000,499804,71725.0,0.1
2071000,500237,71690.0,0.1
2072000,500450,71690.0,0.1
2074000,500910,71690.0,0.1
2075000,501164,71690.0,0.1
2077000,501660,71690.0,0.1
2078000,501870,71690.0,0.1
2080000,502328,71690.0,0.1
2081000,502558,71690.0,0.1
2083000,503025,71690.0,0.1
2085000,503520,71690.0,0.1
2086000,503742,71685.0,0.1
2088000,504177,71685.0,0.1
2089000,504417,71685.0,0.1
2093000,505355,71685.0,0.1
2094000,505600,71685.0,0.1
2096000,506059,71685.0,0.1
2098000,506525,71685.0,0.1
2099000,506737,71685.0,0.1
2100000,506978,71680.0,0.1
2104000,507934,71675.0,0.1
2106000,508441,71655.0,0.1
2107000,508681,71655.0,0.1
2108000,508920,71655.0,0.1
2110000,509378,71655.0,0.1
2111000,509611,71655.0,0.1
2112000,509837,71655.0,0.1
2113000,510062,71655.0,0.1
2115000,510531,71655.0,0.1
2119000,511488,71655.0,0.1
2120000,511735,71655.0,0.1
2121000,511974,71655.0,0.1
2122000,512201,71655.0,0.1
2123000,512428,71655.0,0.1
2124000,512685,71655.0,0.1
2125000,512929,71650.0,0.1
2126000,513187,71595.0,0.1
2128000,513711,71595.0,0.1
2129000,513950,71595.0,0.1
2132000,514666,71595.0,0.1
2135000,515376,71595.0,0.1
2137000,515898,71595.0,0.1
2138000,516147,71595.0,0.1
2140000,516649,71595.0,0.1
2141000,516868,71595.0,0.1
2142000,517103,71595.0,0.1
2143000,517331,71595.0,0.1
2144000,517540,71595.0,0.1
2152000,519421,71595.0,0.1
2153000,519664,71595.0,0.1
2154000,519903,71595.0,0.1
2155000,520109,71595.0,0.1
2157000,520530,71595.0,0.1
2158000,520781,71595.0,0.1
2161000,521498,71595.0,0.1
2162000,521730,71595.0,0.1
2164000,522201,71595.0,0.1
2165000,522440,71595.0,0.1
2166000,522667,71595.0,0.1
2168000,523117,71595.0,0.1
2170000,523604,71595.0,0.1
2172000,524052,71595.0,0.1
2174000,524516,71590.0,0.1
2175000,524764,71590.0,0.1
2176000,525000,71590.0,0.1
2179000,525673,71590.0,0.1
2180000,525889,71590.0,0.1
2182000,526370,71590.0,0.1
2183000,526603,71585.0,0.1
2184000,526829,71585.0,0.1
2186000,527325,71585.0,0.1
2189000,527997,71585.0,0.1
2190000,528253,71585.0,0.1
2192000,528729,71585.0,0.1
2194000,529167,71585.0,0.1
2195000,529365,71585.0,0.1
2196000,529579,71585.0,0.1
2197000,529822,71585.0,0.1
2199000,530280,71585.0,0.1
2201000,530741,71585.0,0.1
2202000,530953,71585.0,0.1
2204000,531337,71585.0,0.1
2205000,531508,71585.0,0.1
2206000,531724,71585.0,0.1
2207000,531949,71585.0,0.1
2210000,532550,71580.0,0.1
2211000,532765,71580.0,0.1
2214000,533424,71580.0,0.1
2216000,533872,71580.0,0.1
2217000,534109,71580.0,0.1
2218000,534296,71580.0,0.1
2220000,534778,71580.0,0.1
2222000,535238,71580.0,0.1
2224000,535688,71580.0,0.1
2225000,535903,71580.0,0.1
2226000,536095,71580.0,0.1
2227000,536282,71580.0,0.1
2228000,536517,71580.0,0.1
2229000,536771,71570.0,0.1
2230000,536949,71570.0,0.1
2232000,537342,71570.0,0.1
2233000,537586,71570.0,0.1
2238000,538701,71305.0,0.1
2241000,539378,71305.0,0.1
2242000,539597,71305.0,0.1
2243000,539849,71305.0,0.1
2245000,540352,71305.0,0.1
2247000,540840,71305.0,0.1
2248000,541059,71305.0,0.1
2249000,541302,71305.0,0.1
2250000,541502,71305.0,0.1
2251000,541697,71305.0,0.1
2253000,542160,71300.0,0.1
2254000,542377,71300.0,0.1
2255000,542607,71300.0,0.1
2257000,543102,71300.0,0.1
2258000,543324,71300.0,0.1
2259000,543580,71300.0,0.1
2260000,543791,71295.0,0.1
2261000,544012,71295.0,0.1
2262000,544238,71295.0,0.1
2263000,544455,71295.0,0.1
2266000,545139,71295.0,0.1
2268000,545605,71295.0,0.1
2269000,545834,71295.0,0.1
2271000,546300,71295.0,0.1
2272000,546534,71295.0,0.1
2273000,546734,71295.0,0.1
2275000,547137,71295.0,0.1
2277000,547523,71295.0,0.1
2279000,547942,71290.0,0.1
2280000,548166,71290.0,0.1
2281000,548392,71290.0,0.1
2282000,548639,71290.0,0.1
2283000,548878,71290.0,0.1
2286000,549503,71290.0,0.1
2291000,550639,71290.0,0.1
2296000,551714,71290.0,0.1
2297000,551943,71290.0,0.1
2298000,552129,71290.0,0.1
2302000,553106,71290.0,0.1
2303000,553335,71290.0,0.1
2304000,553603,71290.0,0.1
2305000,553864,71290.0,0.1
2306000,554111,71290.0,0.1
2307000,554349,71290.0,0.1
2308000,554587,71290.0,0.1
2309000,554851,71290.0,0.1
2311000,555317,71290.0,0.1
2312000,555557,71290.0,0.1
2313000,555795,71290.0,0.1
2314000,556034,71290.0,0.1
2315000,556256,71290.0,0.1
2316000,556487,71290.0,0.1
2318000,556964,71260.0,0.1
2319000,557169,71260.0,0.1
2321000,557642,71260.0,0.1
2322000,557865,71260.0,0.1
2324000,558349,71260.0,0.1
2326000,558836,71260.0,0.1
2327000,559067,71260.0,0.1
2328000,559301,71260.0,0.1
2329000,559537,71260.0,0.1
2330000,559786,71260.0,0.1
2331000,560011,71260.0,0.1
2332000,560227,71260.0,0.1
2333000,560464,71260.0,0.1
2334000,560678,71255.0,0.1
2335000,560901,71255.0,0.1
2336000,561118,71255.0,0.1
2338000,561548,71255.0,0.1
2339000,561778,71255.0,0.1
2344000,562877,71250.0,0.1
2346000,563353,71250.0,0.1
2347000,563598,71250.0,0.1
2348000,563832,71250.0,0.1
2349000,564069,71250.0,0.1
2351000,564520,71250.0,0.1
2352000,564791,71250.0,0.1
2353000,565038,71250.0,0.1
2354000,565305,71250.0,0.1
2355000,565544,71250.0,0.1
2358000,566283,71250.0,0.1
2360000,566725,71250.0,0.1
2361000,566920,71250.0,0.1
2362000,567155,71250.0,0.1
2364000,567603,71250.0,0.1
2366000,568070,71250.0,0.1
2368000,568531,71250.0,0.1
2369000,568748,71250.0,0.1
2370000,568941,71250.0,0.1
2371000,569171,71250.0,0.1
2372000,569375,71250.0,0.1
2373000,569592,71245.0,0.1
2375000,570055,71245.0,0.1
2378000,570723,71245.0,0.1
2379000,570927,71245.0,0.1
2380000,571150,71245.0,0.1
2381000,571348,71245.0,0.1
2382000,571576,71245.0,0.1
2384000,571991,71245.0,0.1
2385000,572214,71245.0,0.1
2387000,572680,71245.0,0.1
2388000,572943,71245.0,0.1
2389000,573162,71245.0,0.1
2390000,573404,71240.0,0.1
2391000,573647,71240.0,0.1
2393000,574082,71240.0,0.1
2397000,574972,71240.0,0.1
2398000,575163,71240.0,0.1
2399000,575412,71240.0,0.1
2400000,575642,71240.0,0.1
2401000,575869,71240.0,0.1
2403000,576342,71240.0,0.1
2406000,577019,71240.0,0.1
2407000,577232,71240.0,0.1
2408000,577453,71240.0,0.1
2410000,577907,71235.0,0.1
2411000,578106,71235.0,0.1
2412000,578341,71235.0,0.1
2416000,579279,71235.0,0.1
2417000,579492,71235.0,0.1
2422000,580677,71235.0,0.1
2423000,580937,71235.0,0.1
2424000,581177,71230.0,0.1
2425000,581445,71230.0,0.1
2426000,581672,71230.0,0.1
2427000,581909,71230.0,0.1
2428000,582132,71230.0,0.1
2430000,582610,71230.0,0.1
2431000,582857,71230.0,0.1
2432000,583089,71230.0,0.1
2435000,583847,71230.0,0.1
2436000,584085,71230.0,0.1
2437000,584323,71230.0,0.1
2438000,584541,71230.0,0.1
2439000,584789,71230.0,0.1
2441000,585270,71230.0,0.1
2444000,585964,71230.0,0.1
2445000,586202,71230.0,0.1
2446000,586498,71230.0,0.1
2447000,586772,71225.0,0.1
2449000,587230,71225.0,0.1
2450000,587461,71225.0,0.1
2451000,587681,71225.0,0.1
2452000,587938,71220.0,0.1
2457000,589123,71215.0,0.1
2458000,589394,71215.0,0.1
2459000,589649,71215.0,0.1
2460000,589935,71210.0,0.1
2461000,590153,71210.0,0.1
2462000,590407,71210.0,0.1
2463000,590635,71205.0,0.1
2464000,590880,71205.0,0.1
2465000,591116,71205.0,0.1
2466000,591361,71205.0,0.1
2467000,591592,71205.0,0.1
2468000,591851,71205.0,0.1
2469000,592110,71205.0,0.1
2472000,592845,71200.0,0.1
2473000,593094,71200.0,0.1
2474000,593363,71190.0,0.1
2475000,593635,71190.0,0.1
2476000,593854,71190.0,0.1
2477000,594093,71190.0,0.1
2478000,594295,71190.0,0.1
2479000,594524,71190.0,0.1
2481000,595009,71190.0,0.1
2484000,595845,71190.0,0.1
2485000,596096,71190.0,0.1
2488000,596880,71190.0,0.1
2491000,597524,71190.0,0.1
2492000,597761,71190.0,0.1
2493000,597969,71190.0,0.1
2494000,598201,71190.0,0.1
2495000,598416,71190.0,0.1
2498000,599230,71180.0,0.1
2499000,599481,71180.0,0.1
