iteration,time_sec,current_cost,best_cost,hard_violations,improvements
100,0.00,49427,49427,0,5
200,0.00,47421,47421,0,8
300,0.00,46813,46813,0,9
400,0.00,46803,46803,0,10
500,0.00,46325,46325,0,11
600,0.00,46325,46325,0,11
700,0.00,45886,45886,0,12
800,1.00,45886,45886,0,12
900,1.00,45864,45864,0,13
1000,1.00,45501,45392,0,14
1100,1.00,45501,45392,0,14
1200,1.00,44321,44321,0,16
1300,1.00,44321,44321,0,16
1400,1.00,44446,44321,0,16
1500,1.00,44446,44321,0,16
1600,1.00,44446,44321,0,16
1700,1.00,44446,44321,0,16
1800,1.00,44446,44321,0,16
1900,1.00,44446,44321,0,16
2000,1.00,43984,43984,0,17
2100,1.00,43984,43984,0,17
2200,1.00,43984,43984,0,17
2300,1.00,43984,43984,0,17
2400,1.00,43984,43984,0,17
2500,1.00,43984,43984,0,17
2600,1.00,43984,43984,0,17
2700,2.00,43984,43984,0,17
2800,2.00,43984,43984,0,17
2900,2.00,43984,43984,0,17
3000,2.00,43984,43984,0,17
3100,2.00,43984,43984,0,17
3200,2.00,43984,43984,0,17
3300,2.00,43984,43984,0,17
3400,2.00,43984,43984,0,17
3500,2.00,43984,43984,0,17
3600,2.00,43984,43984,0,17
3700,2.00,43984,43984,0,17
3800,2.00,43983,43983,0,18
3900,2.00,43983,43983,0,18
4000,2.00,43983,43983,0,18
4100,2.00,43983,43983,0,18
4200,2.00,43983,43983,0,18
4300,2.00,43983,43983,0,18
4400,2.00,43983,43983,0,18
4500,2.00,43983,43983,0,18
4600,2.00,43983,43983,0,18
4700,2.00,43983,43983,0,18
4800,2.00,43983,43983,0,18
4900,2.00,43983,43983,0,18
5000,3.00,43983,43983,0,18
5100,3.00,43983,43983,0,18
5200,3.00,43982,43982,0,19
5300,3.00,43982,43982,0,19
5400,3.00,43982,43982,0,19
5500,3.00,43982,43982,0,19
5600,3.00,43982,43982,0,19
5700,3.00,43982,43982,0,19
5800,3.00,43982,43982,0,19
5900,3.00,43942,43942,0,20
6000,3.00,43942,43942,0,20
6100,3.00,43942,43942,0,20
6200,3.00,43941,43941,0,21
6300,3.00,43941,43941,0,21
6400,3.00,43941,43941,0,21
6500,3.00,43941,43941,0,21
6600,3.00,43941,43941,0,21
6700,3.00,43941,43941,0,21
6800,3.00,43941,43941,0,21
6900,3.00,43944,43941,0,21
7000,3.00,43941,43941,0,21
7100,3.00,43941,43941,0,21
7200,3.00,44022,43941,0,21
7300,3.00,44022,43941,0,21
7400,3.00,44022,43941,0,21
7500,3.00,44022,43941,0,21
7600,3.00,44022,43941,0,21
7700,4.00,44022,43941,0,21
7800,4.00,44022,43941,0,21
7900,4.00,44022,43941,0,21
8000,4.00,44022,43941,0,21
8100,4.00,44022,43941,0,21
8200,4.00,44022,43941,0,21
8300,4.00,44022,43941,0,21
8400,4.00,44022,43941,0,21
8500,4.00,44023,43941,0,21
8600,4.00,44023,43941,0,21
8700,4.00,44023,43941,0,21
8800,4.00,44023,43941,0,21
8900,4.00,44023,43941,0,21
9000,4.00,44023,43941,0,21
9100,4.00,44023,43941,0,21
9200,4.00,44023,43941,0,21
9300,4.00,44024,43941,0,21
9400,4.00,44024,43941,0,21
9500,4.00,44024,43941,0,21
9600,4.00,44024,43941,0,21
9700,4.00,44024,43941,0,21
9800,4.00,44024,43941,0,21
9900,4.00,44024,43941,0,21
10000,4.00,44024,43941,0,21
10100,4.00,44024,43941,0,21
10200,4.00,44024,43941,0,21
10300,4.00,44024,43941,0,21
10400,4.00,44024,43941,0,21
10500,5.00,44024,43941,0,21
10600,5.00,44024,43941,0,21
10700,5.00,44024,43941,0,21
10800,5.00,44024,43941,0,21
10900,5.00,44024,43941,0,21
11000,5.00,44024,43941,0,21
11100,5.00,44024,43941,0,21
11200,5.00,44023,43941,0,21
11300,5.00,44020,43941,0,21
11400,5.00,44020,43941,0,21
11500,5.00,44020,43941,0,21
11600,5.00,44020,43941,0,21
11700,5.00,44020,43941,0,21
11800,5.00,44020,43941,0,21
11900,5.00,44020,43941,0,21
12000,5.00,44020,43941,0,21
12100,5.00,44020,43941,0,21
12200,5.00,44020,43941,0,21
12300,5.00,44020,43941,0,21
12400,5.00,44020,43941,0,21
12500,5.00,44020,43941,0,21
12600,5.00,44020,43941,0,21
12700,5.00,44020,43941,0,21
12800,5.00,44020,43941,0,21
12900,5.00,44020,43941,0,21
13000,5.00,44020,43941,0,21
13100,5.00,44020,43941,0,21
13200,5.00,43431,43431,0,22
13300,6.00,42835,42835,0,23
13400,6.00,42835,42835,0,23
13500,6.00,42835,42835,0,23
13600,6.00,42835,42835,0,23
13700,6.00,42835,42835,0,23
13800,6.00,42835,42835,0,23
13900,6.00,42835,42835,0,23
14000,6.00,42838,42835,0,23
14100,6.00,42838,42835,0,23
14200,6.00,42838,42835,0,23
14300,6.00,42838,42835,0,23
14400,6.00,42837,42835,0,23
14500,6.00,42837,42835,0,23
14600,6.00,42837,42835,0,23
14700,6.00,42837,42835,0,23
14800,6.00,42837,42835,0,23
14900,6.00,42836,42835,0,23
15000,6.00,42836,42835,0,23
15100,6.00,42836,42835,0,23
15200,6.00,42836,42835,0,23
15300,6.00,42836,42835,0,23
15400,6.00,42836,42835,0,23
15500,6.00,42836,42835,0,23
15600,6.00,42836,42835,0,23
15700,6.00,42836,42835,0,23
15800,6.00,42836,42835,0,23
15900,6.00,42836,42835,0,23
16000,7.00,42836,42835,0,23
16100,7.00,42836,42835,0,23
16200,7.00,42836,42835,0,23
16300,7.00,42836,42835,0,23
16400,7.00,42836,42835,0,23
16500,7.00,42836,42835,0,23
16600,7.00,42836,42835,0,23
16700,7.00,42836,42835,0,23
16800,7.00,42836,42835,0,23
16900,7.00,42836,42835,0,23
17000,7.00,42836,42835,0,23
17100,7.00,42836,42835,0,23
17200,7.00,42836,42835,0,23
17300,7.00,42836,42835,0,23
17400,7.00,42836,42835,0,23
17500,7.00,42836,42835,0,23
17600,7.00,42836,42835,0,23
17700,7.00,42836,42835,0,23
17800,7.00,42836,42835,0,23
17900,7.00,42836,42835,0,23
18000,7.00,42836,42835,0,23
18100,7.00,42836,42835,0,23
18200,7.00,42836,42835,0,23
18300,7.00,42836,42835,0,23
18400,7.00,42836,42835,0,23
18500,7.00,42836,42835,0,23
18600,7.00,42836,42835,0,23
18700,7.00,42836,42835,0,23
18800,8.00,42836,42835,0,23
18900,8.00,42836,42835,0,23
19000,8.00,42836,42835,0,23
19100,8.00,42836,42835,0,23
19200,8.00,42836,42835,0,23
19300,8.00,42836,42835,0,23
19400,8.00,42836,42835,0,23
19500,8.00,42836,42835,0,23
19600,8.00,42836,42835,0,23
19700,8.00,42836,42835,0,23
19800,8.00,42836,42835,0,23
19900,8.00,42836,42835,0,23
20000,8.00,42836,42835,0,23
20100,8.00,42836,42835,0,23
20200,8.00,42837,42835,0,23
20300,8.00,42837,42835,0,23
20400,8.00,42837,42835,0,23
20500,8.00,42837,42835,0,23
20600,8.00,42837,42835,0,23
20700,8.00,42837,42835,0,23
20800,8.00,42837,42835,0,23
20900,8.00,42837,42835,0,23
21000,8.00,42837,42835,0,23
21100,8.00,42837,42835,0,23
21200,9.00,42837,42835,0,23
21300,9.00,42837,42835,0,23
21400,9.00,42837,42835,0,23
21500,9.00,42834,42834,0,24
21600,9.00,42834,42834,0,24
21700,9.00,42834,42834,0,24
21800,9.00,42834,42834,0,24
21900,9.00,42834,42834,0,24
22000,9.00,42834,42834,0,24
22100,9.00,42834,42834,0,24
22200,9.00,42834,42834,0,24
22300,9.00,42834,42834,0,24
22400,9.00,42834,42834,0,24
22500,9.00,42834,42834,0,24
22600,9.00,42834,42834,0,24
22700,9.00,42834,42834,0,24
22800,9.00,42834,42834,0,24
22900,10.00,42834,42834,0,24
23000,10.00,42834,42834,0,24
23100,10.00,42834,42834,0,24
23200,10.00,42834,42834,0,24
23300,10.00,42834,42834,0,24
23400,10.00,42834,42834,0,24
23500,10.00,42834,42834,0,24
23600,10.00,42834,42834,0,24
23700,10.00,42833,42833,0,25
23800,10.00,42833,42833,0,25
23900,10.00,42833,42833,0,25
24000,10.00,42833,42833,0,25
24100,10.00,42833,42833,0,25
24200,10.00,42833,42833,0,25
24300,10.00,42833,42833,0,25
24400,10.00,42833,42833,0,25
24500,10.00,42833,42833,0,25
24600,10.00,42833,42833,0,25
24700,11.00,42833,42833,0,25
24800,11.00,42833,42833,0,25
24900,11.00,42833,42833,0,25
25000,11.00,42833,42833,0,25
25100,11.00,42833,42833,0,25
25200,11.00,42833,42833,0,25
25300,11.00,42833,42833,0,25
25400,11.00,42833,42833,0,25
25500,11.00,42833,42833,0,25
25600,11.00,42833,42833,0,25
25700,11.00,42833,42833,0,25
25800,11.00,42833,42833,0,25
25900,11.00,42833,42833,0,25
26000,11.00,42833,42833,0,25
26100,12.00,42833,42833,0,25
26200,12.00,42833,42833,0,25
26300,12.00,42833,42833,0,25
26400,12.00,42833,42833,0,25
26500,12.00,42833,42833,0,25
26600,12.00,42833,42833,0,25
26700,12.00,42833,42833,0,25
26800,12.00,42833,42833,0,25
26900,12.00,42833,42833,0,25
27000,12.00,42833,42833,0,25
27100,12.00,42833,42833,0,25
27200,13.00,42833,42833,0,25
27300,13.00,42833,42833,0,25
27400,13.00,42957,42833,0,25
27500,13.00,42957,42833,0,25
27600,13.00,42957,42833,0,25
27700,13.00,42957,42833,0,25
27800,13.00,42957,42833,0,25
27900,13.00,42957,42833,0,25
28000,13.00,42957,42833,0,25
28100,13.00,42957,42833,0,25
28200,13.00,42957,42833,0,25
28300,13.00,42957,42833,0,25
28400,13.00,42957,42833,0,25
28500,13.00,42957,42833,0,25
28600,13.00,42957,42833,0,25
28700,13.00,42957,42833,0,25
28800,13.00,42957,42833,0,25
28900,14.00,42957,42833,0,25
29000,14.00,42957,42833,0,25
29100,14.00,42957,42833,0,25
29200,14.00,42957,42833,0,25
29300,14.00,42957,42833,0,25
29400,14.00,42957,42833,0,25
29500,14.00,42957,42833,0,25
29600,14.00,42957,42833,0,25
29700,14.00,42957,42833,0,25
29800,14.00,42957,42833,0,25
29900,14.00,42957,42833,0,25
30000,14.00,42957,42833,0,25
30100,15.00,42957,42833,0,25
30200,15.00,42957,42833,0,25
30300,15.00,42957,42833,0,25
30400,15.00,42957,42833,0,25
30500,15.00,42957,42833,0,25
30600,15.00,42957,42833,0,25
30700,15.00,42957,42833,0,25
30800,15.00,42957,42833,0,25
30900,15.00,42957,42833,0,25
31000,15.00,42957,42833,0,25
31100,15.00,42957,42833,0,25
31200,15.00,42957,42833,0,25
31300,15.00,42957,42833,0,25
31400,16.00,42957,42833,0,25
31500,16.00,42956,42833,0,25
31600,16.00,42956,42833,0,25
31700,16.00,42956,42833,0,25
31800,16.00,42956,42833,0,25
31900,16.00,42956,42833,0,25
32000,16.00,42956,42833,0,25
32100,16.00,42956,42833,0,25
32200,16.00,42956,42833,0,25
32300,16.00,42956,42833,0,25
32400,16.00,42956,42833,0,25
32500,16.00,42956,42833,0,25
32600,16.00,42956,42833,0,25
32700,16.00,42957,42833,0,25
32800,16.00,42957,42833,0,25
32900,17.00,42957,42833,0,25
33000,17.00,42957,42833,0,25
33100,17.00,42957,42833,0,25
33200,17.00,42956,42833,0,25
33300,17.00,42956,42833,0,25
33400,17.00,42956,42833,0,25
33500,17.00,42956,42833,0,25
33600,17.00,42956,42833,0,25
33700,17.00,42359,42359,0,26
33800,17.00,42359,42359,0,26
33900,17.00,42359,42359,0,26
34000,17.00,42359,42359,0,26
34100,17.00,42359,42359,0,26
34200,17.00,42359,42359,0,26
34300,17.00,42359,42359,0,26
34400,17.00,42359,42359,0,26
34500,17.00,42359,42359,0,26
34600,17.00,42359,42359,0,26
34700,18.00,42359,42359,0,26
34800,18.00,42361,42359,0,26
34900,18.00,42361,42359,0,26
35000,18.00,42361,42359,0,26
35100,18.00,42361,42359,0,26
35200,18.00,42361,42359,0,26
35300,18.00,42361,42359,0,26
35400,18.00,42361,42359,0,26
35500,18.00,42359,42359,0,26
35600,18.00,42359,42359,0,26
35700,18.00,42359,42359,0,26
35800,18.00,42359,42359,0,26
35900,18.00,42359,42359,0,26
36000,18.00,42359,42359,0,26
36100,18.00,42359,42359,0,26
36200,18.00,42359,42359,0,26
36300,18.00,42359,42359,0,26
36400,18.00,42359,42359,0,26
36500,18.00,42359,42359,0,26
36600,18.00,42359,42359,0,26
36700,19.00,42359,42359,0,26
36800,19.00,42359,42359,0,26
36900,19.00,42359,42359,0,26
37000,19.00,42359,42359,0,26
37100,19.00,42359,42359,0,26
37200,19.00,42359,42359,0,26
37300,19.00,42359,42359,0,26
37400,19.00,42359,42359,0,26
37500,19.00,42359,42359,0,26
37600,19.00,42359,42359,0,26
37700,19.00,42359,42359,0,26
37800,19.00,42359,42359,0,26
37900,19.00,42359,42359,0,26
38000,19.00,42359,42359,0,26
38100,19.00,42359,42359,0,26
38200,19.00,42359,42359,0,26
38300,19.00,42359,42359,0,26
38400,19.00,42359,42359,0,26
38500,19.00,42359,42359,0,26
38600,20.00,42359,42359,0,26
38700,20.00,42359,42359,0,26
38800,20.00,42359,42359,0,26
38900,20.00,42359,42359,0,26
39000,20.00,42359,42359,0,26
39100,20.00,42359,42359,0,26
39200,20.00,42359,42359,0,26
39300,20.00,42359,42359,0,26
39400,20.00,42359,42359,0,26
39500,20.00,42359,42359,0,26
39600,20.00,42359,42359,0,26
39700,20.00,42359,42359,0,26
39800,20.00,42359,42359,0,26
39900,20.00,42359,42359,0,26
40000,20.00,42359,42359,0,26
40100,20.00,42362,42359,0,26
40200,20.00,42362,42359,0,26
40300,20.00,42362,42359,0,26
40400,21.00,42362,42359,0,26
40500,21.00,42362,42359,0,26
40600,21.00,42362,42359,0,26
40700,21.00,42362,42359,0,26
40800,21.00,42362,42359,0,26
40900,21.00,42362,42359,0,26
41000,21.00,42362,42359,0,26
41100,21.00,42362,42359,0,26
41200,21.00,42362,42359,0,26
41300,21.00,42362,42359,0,26
41400,21.00,42362,42359,0,26
41500,21.00,42362,42359,0,26
41600,21.00,42362,42359,0,26
41700,21.00,42362,42359,0,26
41800,21.00,42362,42359,0,26
41900,21.00,42362,42359,0,26
42000,21.00,42362,42359,0,26
42100,22.00,42362,42359,0,26
42200,22.00,42362,42359,0,26
42300,22.00,42362,42359,0,26
42400,22.00,42362,42359,0,26
42500,22.00,42362,42359,0,26
42600,22.00,42362,42359,0,26
42700,22.00,42362,42359,0,26
42800,22.00,42362,42359,0,26
42900,22.00,42362,42359,0,26
43000,22.00,42362,42359,0,26
43100,22.00,42362,42359,0,26
43200,22.00,42362,42359,0,26
43300,22.00,42362,42359,0,26
43400,22.00,42362,42359,0,26
43500,22.00,42362,42359,0,26
43600,22.00,42362,42359,0,26
43700,22.00,42362,42359,0,26
43800,22.00,42362,42359,0,26
43900,22.00,42362,42359,0,26
44000,22.00,42362,42359,0,26
44100,22.00,42362,42359,0,26
44200,23.00,42362,42359,0,26
44300,23.00,42362,42359,0,26
44400,23.00,42362,42359,0,26
44500,23.00,42362,42359,0,26
44600,23.00,42362,42359,0,26
44700,23.00,42361,42359,0,26
44800,23.00,42361,42359,0,26
44900,23.00,42361,42359,0,26
45000,23.00,42361,42359,0,26
45100,23.00,42361,42359,0,26
45200,23.00,42361,42359,0,26
45300,23.00,41767,41766,0,27
45400,23.00,41767,41766,0,27
45500,23.00,41767,41766,0,27
45600,23.00,41767,41766,0,27
45700,23.00,41767,41766,0,27
45800,23.00,41766,41766,0,27
45900,23.00,41766,41766,0,27
46000,24.00,41766,41766,0,27
46100,24.00,41763,41763,0,28
46200,24.00,41763,41763,0,28
46300,24.00,41763,41763,0,28
46400,24.00,41763,41763,0,28
46500,24.00,41763,41763,0,28
46600,24.00,41763,41763,0,28
46700,24.00,41763,41763,0,28
46800,24.00,41763,41763,0,28
46900,24.00,41763,41763,0,28
47000,24.00,41763,41763,0,28
47100,24.00,41763,41763,0,28
47200,24.00,41763,41763,0,28
47300,24.00,41763,41763,0,28
47400,24.00,41763,41763,0,28
47500,24.00,41763,41763,0,28
47600,24.00,41763,41763,0,28
47700,24.00,41763,41763,0,28
47800,24.00,41763,41763,0,28
47900,24.00,41763,41763,0,28
48000,25.00,41763,41763,0,28
48100,25.00,41763,41763,0,28
48200,25.00,41763,41763,0,28
48300,25.00,41763,41763,0,28
48400,25.00,41763,41763,0,28
48500,25.00,41763,41763,0,28
48600,25.00,41763,41763,0,28
48700,25.00,41763,41763,0,28
48800,25.00,41763,41763,0,28
48900,25.00,41764,41763,0,28
49000,25.00,41764,41763,0,28
49100,25.00,41764,41763,0,28
49200,25.00,41764,41763,0,28
49300,25.00,41764,41763,0,28
49400,25.00,41764,41763,0,28
49500,25.00,41764,41763,0,28
49600,25.00,41764,41763,0,28
49700,25.00,41764,41763,0,28
49800,25.00,41764,41763,0,28
49900,25.00,41764,41763,0,28
50000,25.00,41763,41763,0,28
50100,26.00,41763,41763,0,28
50200,26.00,41763,41763,0,28
50300,26.00,41766,41763,0,28
50400,26.00,41766,41763,0,28
50500,26.00,41766,41763,0,28
50600,26.00,41766,41763,0,28
50700,26.00,41766,41763,0,28
50800,26.00,41766,41763,0,28
50900,26.00,41766,41763,0,28
51000,26.00,41766,41763,0,28
51100,26.00,41766,41763,0,28
51200,26.00,41766,41763,0,28
51300,26.00,41766,41763,0,28
51400,26.00,41766,41763,0,28
51500,26.00,41766,41763,0,28
51600,26.00,41766,41763,0,28
51700,26.00,41766,41763,0,28
51800,26.00,41766,41763,0,28
51900,26.00,41766,41763,0,28
52000,26.00,41766,41763,0,28
52100,26.00,41766,41763,0,28
52200,27.00,41168,41168,0,29
52300,27.00,41168,41168,0,29
52400,27.00,41168,41168,0,29
52500,27.00,41168,41168,0,29
52600,27.00,41168,41168,0,29
52700,27.00,41168,41168,0,29
52800,27.00,41168,41168,0,29
52900,27.00,41168,41168,0,29
53000,27.00,41168,41168,0,29
53100,27.00,41168,41168,0,29
53200,27.00,41168,41168,0,29
53300,27.00,41168,41168,0,29
53400,28.00,41168,41168,0,29
53500,28.00,41168,41168,0,29
53600,28.00,41168,41168,0,29
53700,28.00,41168,41168,0,29
53800,28.00,41168,41168,0,29
53900,28.00,41168,41168,0,29
54000,28.00,41168,41168,0,29
54100,28.00,41165,41165,0,30
54200,29.00,41165,41165,0,30
54300,29.00,41165,41165,0,30
54400,29.00,41165,41165,0,30
54500,29.00,41165,41165,0,30
54600,29.00,41165,41165,0,30
54700,29.00,41165,41165,0,30
54800,29.00,41165,41165,0,30
54900,30.00,41165,41165,0,30
55000,30.00,41165,41165,0,30
55100,30.00,41165,41165,0,30
55200,30.00,41165,41165,0,30
55300,30.00,41165,41165,0,30
55400,30.00,41165,41165,0,30
55500,30.00,41165,41165,0,30
55600,30.00,41165,41165,0,30
55700,30.00,41165,41165,0,30
55800,31.00,41165,41165,0,30
55900,31.00,41165,41165,0,30
56000,31.00,41165,41165,0,30
56100,31.00,41165,41165,0,30
56200,31.00,41165,41165,0,30
56300,31.00,41165,41165,0,30
56400,31.00,41165,41165,0,30
56500,31.00,41165,41165,0,30
56600,31.00,41165,41165,0,30
56700,31.00,41165,41165,0,30
56800,31.00,41165,41165,0,30
56900,32.00,41165,41165,0,30
57000,32.00,41165,41165,0,30
57100,32.00,41165,41165,0,30
57200,32.00,41165,41165,0,30
57300,32.00,41165,41165,0,30
57400,32.00,41165,41165,0,30
57500,32.00,41165,41165,0,30
57600,32.00,41165,41165,0,30
57700,32.00,41165,41165,0,30
57800,32.00,41165,41165,0,30
57900,32.00,41165,41165,0,30
58000,33.00,41165,41165,0,30
58100,33.00,41165,41165,0,30
58200,33.00,41165,41165,0,30
58300,33.00,41165,41165,0,30
58400,33.00,41165,41165,0,30
58500,33.00,41165,41165,0,30
58600,33.00,41166,41165,0,30
58700,33.00,41166,41165,0,30
58800,33.00,41166,41165,0,30
58900,33.00,41166,41165,0,30
59000,33.00,41166,41165,0,30
59100,33.00,41166,41165,0,30
59200,33.00,41166,41165,0,30
59300,34.00,41166,41165,0,30
59400,34.00,41166,41165,0,30
59500,34.00,41166,41165,0,30
59600,34.00,41165,41165,0,30
59700,34.00,41165,41165,0,30
59800,34.00,41165,41165,0,30
59900,34.00,41165,41165,0,30
60000,34.00,41165,41165,0,30
60100,34.00,41165,41165,0,30
60200,34.00,41165,41165,0,30
60300,34.00,41165,41165,0,30
60400,34.00,41165,41165,0,30
60500,34.00,41165,41165,0,30
60600,34.00,41165,41165,0,30
60700,34.00,41165,41165,0,30
60800,34.00,41165,41165,0,30
60900,35.00,41165,41165,0,30
61000,35.00,41165,41165,0,30
61100,35.00,41165,41165,0,30
61200,35.00,41165,41165,0,30
61300,35.00,41165,41165,0,30
61400,35.00,41165,41165,0,30
61500,35.00,41165,41165,0,30
61600,35.00,41165,41165,0,30
61700,35.00,41165,41165,0,30
61800,35.00,41165,41165,0,30
61900,35.00,41165,41165,0,30
62000,35.00,41165,41165,0,30
62100,35.00,41165,41165,0,30
62200,35.00,41165,41165,0,30
62300,35.00,41165,41165,0,30
62400,36.00,41165,41165,0,30
62500,36.00,41165,41165,0,30
62600,36.00,41165,41165,0,30
62700,36.00,41165,41165,0,30
62800,36.00,41165,41165,0,30
62900,36.00,41165,41165,0,30
63000,36.00,41165,41165,0,30
63100,36.00,41165,41165,0,30
63200,36.00,41165,41165,0,30
63300,36.00,41165,41165,0,30
63400,36.00,41165,41165,0,30
63500,36.00,41165,41165,0,30
63600,36.00,41165,41165,0,30
63700,36.00,41165,41165,0,30
63800,37.00,41165,41165,0,30
63900,37.00,41165,41165,0,30
64000,37.00,41165,41165,0,30
64100,37.00,41165,41165,0,30
64200,37.00,41165,41165,0,30
64300,37.00,41165,41165,0,30
64400,37.00,41165,41165,0,30
64500,37.00,41165,41165,0,30
64600,37.00,41165,41165,0,30
64700,37.00,41165,41165,0,30
64800,37.00,41165,41165,0,30
64900,37.00,41165,41165,0,30
65000,37.00,41165,41165,0,30
65100,37.00,41165,41165,0,30
65200,37.00,41165,41165,0,30
65300,37.00,41165,41165,0,30
65400,38.00,41165,41165,0,30
65500,38.00,41165,41165,0,30
65600,38.00,41165,41165,0,30
65700,38.00,41165,41165,0,30
65800,38.00,41165,41165,0,30
65900,38.00,41165,41165,0,30
66000,38.00,41165,41165,0,30
66100,38.00,41165,41165,0,30
66200,38.00,41165,41165,0,30
66300,38.00,41165,41165,0,30
66400,38.00,41165,41165,0,30
66500,38.00,41165,41165,0,30
66600,38.00,41165,41165,0,30
66700,38.00,41165,41165,0,30
66800,38.00,41165,41165,0,30
66900,38.00,41165,41165,0,30
67000,38.00,41165,41165,0,30
67100,39.00,41165,41165,0,30
67200,39.00,41164,41164,0,31
67300,39.00,41164,41164,0,31
67400,39.00,41164,41164,0,31
67500,39.00,41164,41164,0,31
67600,39.00,41164,41164,0,31
67700,39.00,41164,41164,0,31
67800,39.00,41164,41164,0,31
67900,39.00,41164,41164,0,31
68000,39.00,41164,41164,0,31
68100,39.00,41164,41164,0,31
68200,39.00,41164,41164,0,31
68300,39.00,41164,41164,0,31
68400,39.00,41164,41164,0,31
68500,39.00,41164,41164,0,31
68600,39.00,41165,41164,0,31
68700,39.00,41165,41164,0,31
68800,40.00,41165,41164,0,31
68900,40.00,41165,41164,0,31
69000,40.00,41165,41164,0,31
69100,40.00,41165,41164,0,31
69200,40.00,41165,41164,0,31
69300,40.00,41166,41164,0,31
69400,40.00,41166,41164,0,31
69500,40.00,41166,41164,0,31
69600,40.00,41166,41164,0,31
69700,40.00,41166,41164,0,31
69800,40.00,41166,41164,0,31
69900,40.00,41165,41164,0,31
70000,40.00,41165,41164,0,31
70100,40.00,41165,41164,0,31
70200,40.00,41165,41164,0,31
70300,40.00,41165,41164,0,31
70400,41.00,41166,41164,0,31
70500,41.00,41166,41164,0,31
70600,41.00,41166,41164,0,31
70700,41.00,41166,41164,0,31
70800,41.00,41166,41164,0,31
70900,41.00,41166,41164,0,31
71000,41.00,41166,41164,0,31
71100,41.00,41166,41164,0,31
71200,41.00,41166,41164,0,31
71300,41.00,41165,41164,0,31
71400,41.00,41165,41164,0,31
71500,41.00,41165,41164,0,31
71600,41.00,41165,41164,0,31
71700,41.00,41165,41164,0,31
71800,41.00,41165,41164,0,31
71900,41.00,41165,41164,0,31
72000,42.00,41165,41164,0,31
72100,42.00,41165,41164,0,31
72200,42.00,41165,41164,0,31
72300,42.00,41165,41164,0,31
72400,42.00,41165,41164,0,31
72500,42.00,41165,41164,0,31
72600,42.00,41165,41164,0,31
72700,42.00,41165,41164,0,31
72800,42.00,41165,41164,0,31
72900,42.00,41165,41164,0,31
73000,42.00,41165,41164,0,31
73100,42.00,41165,41164,0,31
73200,43.00,41165,41164,0,31
73300,43.00,41165,41164,0,31
73400,43.00,41165,41164,0,31
73500,43.00,41165,41164,0,31
73600,43.00,41165,41164,0,31
73700,43.00,41165,41164,0,31
73800,43.00,41165,41164,0,31
73900,43.00,41165,41164,0,31
74000,43.00,41165,41164,0,31
74100,43.00,41165,41164,0,31
74200,43.00,41165,41164,0,31
74300,43.00,41165,41164,0,31
74400,43.00,41165,41164,0,31
74500,43.00,41165,41164,0,31
74600,44.00,41165,41164,0,31
74700,44.00,41165,41164,0,31
74800,44.00,41165,41164,0,31
74900,44.00,41165,41164,0,31
75000,44.00,41165,41164,0,31
75100,44.00,41165,41164,0,31
75200,44.00,41165,41164,0,31
75300,44.00,41165,41164,0,31
75400,44.00,41165,41164,0,31
75500,44.00,41165,41164,0,31
75600,44.00,41165,41164,0,31
75700,44.00,41165,41164,0,31
75800,44.00,41165,41164,0,31
75900,45.00,41165,41164,0,31
76000,45.00,41165,41164,0,31
76100,45.00,41165,41164,0,31
76200,45.00,41165,41164,0,31
76300,45.00,41165,41164,0,31
76400,45.00,41165,41164,0,31
76500,45.00,41165,41164,0,31
76600,45.00,41165,41164,0,31
76700,45.00,41165,41164,0,31
76800,45.00,41165,41164,0,31
76900,45.00,41165,41164,0,31
77000,45.00,41165,41164,0,31
77100,45.00,41165,41164,0,31
77200,45.00,41165,41164,0,31
77300,45.00,41165,41164,0,31
77400,46.00,41165,41164,0,31
77500,46.00,41165,41164,0,31
77600,46.00,41165,41164,0,31
77700,46.00,41165,41164,0,31
77800,46.00,41165,41164,0,31
77900,46.00,41165,41164,0,31
78000,46.00,41165,41164,0,31
78100,46.00,41165,41164,0,31
78200,46.00,41165,41164,0,31
78300,46.00,41165,41164,0,31
78400,46.00,41165,41164,0,31
78500,46.00,41165,41164,0,31
78600,46.00,41165,41164,0,31
78700,46.00,41165,41164,0,31
78800,46.00,41165,41164,0,31
78900,46.00,41165,41164,0,31
79000,46.00,41165,41164,0,31
79100,47.00,41165,41164,0,31
79200,47.00,41165,41164,0,31
79300,47.00,41165,41164,0,31
79400,47.00,41165,41164,0,31
79500,47.00,41165,41164,0,31
79600,47.00,41165,41164,0,31
79700,47.00,41165,41164,0,31
79800,47.00,41165,41164,0,31
79900,47.00,41165,41164,0,31
80000,47.00,41165,41164,0,31
80100,47.00,41165,41164,0,31
80200,47.00,41165,41164,0,31
80300,47.00,41165,41164,0,31
80400,47.00,41165,41164,0,31
80500,47.00,41165,41164,0,31
80600,47.00,41165,41164,0,31
80700,48.00,41165,41164,0,31
80800,48.00,41165,41164,0,31
80900,48.00,41165,41164,0,31
81000,48.00,41165,41164,0,31
81100,48.00,41165,41164,0,31
81200,48.00,41165,41164,0,31
81300,48.00,41165,41164,0,31
81400,48.00,41165,41164,0,31
81500,48.00,41165,41164,0,31
81600,48.00,41165,41164,0,31
81700,48.00,41165,41164,0,31
81800,48.00,41165,41164,0,31
81900,48.00,41165,41164,0,31
82000,48.00,41165,41164,0,31
82100,48.00,41165,41164,0,31
82200,48.00,41165,41164,0,31
82300,49.00,41165,41164,0,31
82400,49.00,41165,41164,0,31
82500,49.00,41165,41164,0,31
82600,49.00,41165,41164,0,31
82700,49.00,41165,41164,0,31
82800,49.00,41165,41164,0,31
82900,49.00,41165,41164,0,31
83000,49.00,41165,41164,0,31
83100,49.00,41165,41164,0,31
83200,49.00,41165,41164,0,31
83300,49.00,41165,41164,0,31
83400,49.00,41165,41164,0,31
83500,49.00,41165,41164,0,31
83600,49.00,41165,41164,0,31
83700,49.00,41165,41164,0,31
83800,49.00,41165,41164,0,31
83900,49.00,41166,41164,0,31
84000,50.00,41166,41164,0,31
84100,50.00,41166,41164,0,31
84200,50.00,41166,41164,0,31
84300,50.00,41166,41164,0,31
84400,50.00,41166,41164,0,31
84500,50.00,41165,41164,0,31
84600,50.00,41165,41164,0,31
84700,50.00,41165,41164,0,31
84800,50.00,41165,41164,0,31
84900,50.00,41165,41164,0,31
85000,50.00,41165,41164,0,31
85100,50.00,41165,41164,0,31
85200,50.00,41165,41164,0,31
85300,50.00,41165,41164,0,31
85400,50.00,41166,41164,0,31
85500,50.00,41166,41164,0,31
85600,50.00,41166,41164,0,31
85700,51.00,41166,41164,0,31
85800,51.00,41166,41164,0,31
85900,51.00,41166,41164,0,31
86000,51.00,41166,41164,0,31
86100,51.00,41165,41164,0,31
86200,51.00,41165,41164,0,31
86300,51.00,41165,41164,0,31
86400,51.00,41165,41164,0,31
86500,51.00,41165,41164,0,31
86600,51.00,41165,41164,0,31
86700,51.00,41165,41164,0,31
86800,51.00,41165,41164,0,31
86900,51.00,41165,41164,0,31
87000,51.00,41165,41164,0,31
87100,51.00,41165,41164,0,31
87200,51.00,41165,41164,0,31
87300,51.00,41165,41164,0,31
87400,52.00,41165,41164,0,31
87500,52.00,41165,41164,0,31
87600,52.00,41165,41164,0,31
87700,52.00,41165,41164,0,31
87800,52.00,41165,41164,0,31
87900,52.00,41165,41164,0,31
88000,52.00,41165,41164,0,31
88100,52.00,41165,41164,0,31
88200,52.00,41165,41164,0,31
88300,52.00,41165,41164,0,31
88400,52.00,41165,41164,0,31
88500,52.00,41165,41164,0,31
88600,52.00,41165,41164,0,31
88700,52.00,41165,41164,0,31
88800,52.00,41165,41164,0,31
88900,52.00,41165,41164,0,31
89000,52.00,41165,41164,0,31
89100,52.00,41165,41164,0,31
89200,53.00,41165,41164,0,31
89300,53.00,41165,41164,0,31
89400,53.00,41165,41164,0,31
89500,53.00,41165,41164,0,31
89600,53.00,41165,41164,0,31
89700,53.00,41165,41164,0,31
89800,53.00,41165,41164,0,31
89900,53.00,41165,41164,0,31
90000,53.00,41165,41164,0,31
90100,53.00,41165,41164,0,31
90200,53.00,41165,41164,0,31
90300,53.00,41165,41164,0,31
90400,53.00,41165,41164,0,31
90500,54.00,41165,41164,0,31
90600,54.00,41165,41164,0,31
90700,54.00,41165,41164,0,31
90800,54.00,41165,41164,0,31
90900,54.00,41165,41164,0,31
91000,54.00,41165,41164,0,31
91100,54.00,41165,41164,0,31
91200,54.00,41165,41164,0,31
91300,55.00,41165,41164,0,31
91400,55.00,41165,41164,0,31
91500,55.00,41165,41164,0,31
91600,55.00,41165,41164,0,31
91700,55.00,41165,41164,0,31
91800,55.00,41165,41164,0,31
91900,55.00,41165,41164,0,31
92000,55.00,41165,41164,0,31
92100,56.00,41165,41164,0,31
92200,56.00,41165,41164,0,31
92300,56.00,41165,41164,0,31
92400,56.00,41165,41164,0,31
92500,56.00,41165,41164,0,31
92600,56.00,41165,41164,0,31
92700,56.00,41165,41164,0,31
92800,57.00,41165,41164,0,31
92900,57.00,41165,41164,0,31
93000,57.00,41165,41164,0,31
93100,57.00,41165,41164,0,31
93200,57.00,41165,41164,0,31
93300,57.00,41165,41164,0,31
93400,57.00,41165,41164,0,31
93500,57.00,41165,41164,0,31
93600,58.00,41165,41164,0,31
93700,58.00,41165,41164,0,31
93800,58.00,41165,41164,0,31
93900,58.00,41165,41164,0,31
94000,58.00,41165,41164,0,31
94100,58.00,41165,41164,0,31
94200,58.00,41165,41164,0,31
94300,58.00,41165,41164,0,31
94400,58.00,41165,41164,0,31
94500,58.00,41165,41164,0,31
94600,58.00,41165,41164,0,31
94700,59.00,41165,41164,0,31
94800,59.00,41165,41164,0,31
94900,59.00,41165,41164,0,31
95000,59.00,41165,41164,0,31
95100,59.00,41165,41164,0,31
95200,59.00,41165,41164,0,31
95300,59.00,41165,41164,0,31
95400,59.00,41165,41164,0,31
95500,59.00,41165,41164,0,31
95600,59.00,41165,41164,0,31
95700,59.00,41165,41164,0,31
95800,59.00,41165,41164,0,31
95900,59.00,41165,41164,0,31
96000,59.00,41165,41164,0,31
96100,60.00,41165,41164,0,31
96200,60.00,41165,41164,0,31
96300,60.00,41165,41164,0,31
96400,60.00,41165,41164,0,31
96500,60.00,41165,41164,0,31
96600,60.00,41165,41164,0,31
96700,60.00,41165,41164,0,31
96800,60.00,41165,41164,0,31
96900,60.00,41165,41164,0,31
97000,60.00,41165,41164,0,31
97100,60.00,41165,41164,0,31
97200,60.00,41165,41164,0,31
97300,60.00,41165,41164,0,31
97400,60.00,41165,41164,0,31
97500,60.00,41165,41164,0,31
97600,60.00,41165,41164,0,31
97700,61.00,41165,41164,0,31
97800,61.00,41165,41164,0,31
97900,61.00,41165,41164,0,31
98000,61.00,41165,41164,0,31
98100,61.00,41165,41164,0,31
98200,61.00,41165,41164,0,31
98300,61.00,41165,41164,0,31
98400,61.00,41165,41164,0,31
98500,61.00,41165,41164,0,31
98600,61.00,41165,41164,0,31
98700,61.00,41165,41164,0,31
98800,61.00,41165,41164,0,31
98900,61.00,41165,41164,0,31
99000,61.00,41165,41164,0,31
99100,61.00,41165,41164,0,31
99200,61.00,41165,41164,0,31
99300,62.00,41165,41164,0,31
99400,62.00,41165,41164,0,31
99500,62.00,41165,41164,0,31
99600,62.00,41165,41164,0,31
99700,62.00,41165,41164,0,31
99800,62.00,41165,41164,0,31
99900,62.00,41165,41164,0,31
100000,62.00,41165,41164,0,31
100100,62.00,41165,41164,0,31
100200,62.00,41165,41164,0,31
100300,62.00,41165,41164,0,31
100400,62.00,41165,41164,0,31
100500,62.00,41165,41164,0,31
100600,62.00,41165,41164,0,31
100700,62.00,41165,41164,0,31
100800,62.00,41165,41164,0,31
100900,63.00,41165,41164,0,31
101000,63.00,41166,41164,0,31
101100,63.00,41166,41164,0,31
101200,63.00,41166,41164,0,31
101300,63.00,41166,41164,0,31
101400,63.00,41166,41164,0,31
101500,63.00,41166,41164,0,31
101600,63.00,41166,41164,0,31
101700,63.00,41166,41164,0,31
101800,63.00,41166,41164,0,31
101900,63.00,41166,41164,0,31
102000,63.00,41166,41164,0,31
102100,63.00,41166,41164,0,31
102200,63.00,41166,41164,0,31
102300,63.00,41166,41164,0,31
102400,63.00,41166,41164,0,31
102500,63.00,41166,41164,0,31
102600,64.00,41166,41164,0,31
102700,64.00,41166,41164,0,31
102800,64.00,41166,41164,0,31
102900,64.00,41166,41164,0,31
103000,64.00,41166,41164,0,31
103100,64.00,41166,41164,0,31
103200,64.00,41166,41164,0,31
103300,64.00,41166,41164,0,31
103400,64.00,41166,41164,0,31
103500,64.00,41166,41164,0,31
103600,64.00,41166,41164,0,31
103700,64.00,41166,41164,0,31
103800,64.00,41166,41164,0,31
103900,64.00,41166,41164,0,31
104000,64.00,41166,41164,0,31
104100,64.00,41165,41164,0,31
104200,65.00,41165,41164,0,31
104300,65.00,41165,41164,0,31
104400,65.00,41165,41164,0,31
104500,65.00,41166,41164,0,31
104600,65.00,41166,41164,0,31
104700,65.00,41166,41164,0,31
104800,65.00,41166,41164,0,31
104900,65.00,41166,41164,0,31
105000,65.00,41166,41164,0,31
105100,65.00,41165,41164,0,31
105200,65.00,41165,41164,0,31
105300,65.00,41165,41164,0,31
105400,65.00,41165,41164,0,31
105500,65.00,41165,41164,0,31
105600,65.00,41165,41164,0,31
105700,65.00,41165,41164,0,31
105800,66.00,41165,41164,0,31
105900,66.00,41165,41164,0,31
106000,66.00,41165,41164,0,31
106100,66.00,41165,41164,0,31
106200,66.00,41165,41164,0,31
106300,66.00,41165,41164,0,31
106400,66.00,41165,41164,0,31
106500,66.00,41165,41164,0,31
106600,66.00,41165,41164,0,31
106700,66.00,41165,41164,0,31
106800,66.00,41165,41164,0,31
106900,66.00,41165,41164,0,31
107000,66.00,41165,41164,0,31
107100,66.00,41165,41164,0,31
107200,66.00,41165,41164,0,31
107300,66.00,41165,41164,0,31
107400,66.00,41165,41164,0,31
107500,67.00,41165,41164,0,31
107600,67.00,41165,41164,0,31
107700,67.00,41165,41164,0,31
107800,67.00,41165,41164,0,31
107900,67.00,41165,41164,0,31
108000,67.00,41165,41164,0,31
108100,67.00,41165,41164,0,31
108200,67.00,41165,41164,0,31
108300,67.00,41165,41164,0,31
108400,67.00,41165,41164,0,31
108500,67.00,41165,41164,0,31
108600,67.00,41165,41164,0,31
108700,67.00,41165,41164,0,31
108800,67.00,41165,41164,0,31
108900,67.00,41165,41164,0,31
109000,67.00,41165,41164,0,31
109100,68.00,41165,41164,0,31
109200,68.00,41164,41164,0,31
109300,68.00,41164,41164,0,31
109400,68.00,41164,41164,0,31
109500,68.00,41164,41164,0,31
109600,68.00,41164,41164,0,31
109700,68.00,41164,41164,0,31
109800,68.00,41164,41164,0,31
109900,68.00,41165,41164,0,31
110000,68.00,41165,41164,0,31
110100,68.00,41165,41164,0,31
110200,68.00,41165,41164,0,31
110300,68.00,41165,41164,0,31
110400,68.00,41165,41164,0,31
110500,68.00,41165,41164,0,31
110600,68.00,41165,41164,0,31
110700,68.00,41165,41164,0,31
110800,69.00,41165,41164,0,31
110900,69.00,41165,41164,0,31
111000,69.00,41165,41164,0,31
111100,69.00,41165,41164,0,31
111200,69.00,41165,41164,0,31
111300,69.00,41165,41164,0,31
111400,69.00,41165,41164,0,31
111500,69.00,41165,41164,0,31
111600,69.00,41165,41164,0,31
111700,69.00,41165,41164,0,31
111800,69.00,41165,41164,0,31
111900,69.00,41165,41164,0,31
112000,69.00,41165,41164,0,31
112100,69.00,41165,41164,0,31
112200,69.00,41165,41164,0,31
112300,70.00,41165,41164,0,31
112400,70.00,41165,41164,0,31
112500,70.00,41165,41164,0,31
112600,70.00,41165,41164,0,31
112700,70.00,41165,41164,0,31
112800,70.00,41165,41164,0,31
112900,70.00,41165,41164,0,31
113000,70.00,41165,41164,0,31
113100,70.00,41165,41164,0,31
113200,70.00,41165,41164,0,31
113300,70.00,41165,41164,0,31
113400,70.00,41165,41164,0,31
113500,70.00,41165,41164,0,31
113600,70.00,41165,41164,0,31
113700,70.00,41165,41164,0,31
113800,70.00,41165,41164,0,31
113900,71.00,41165,41164,0,31
114000,71.00,41165,41164,0,31
114100,71.00,41165,41164,0,31
114200,71.00,41165,41164,0,31
114300,71.00,41165,41164,0,31
114400,71.00,41165,41164,0,31
114500,71.00,41166,41164,0,31
114600,71.00,41166,41164,0,31
114700,71.00,41166,41164,0,31
114800,71.00,41166,41164,0,31
114900,71.00,41166,41164,0,31
115000,71.00,41166,41164,0,31
115100,71.00,41166,41164,0,31
115200,71.00,41166,41164,0,31
115300,71.00,41166,41164,0,31
115400,71.00,41166,41164,0,31
115500,71.00,41166,41164,0,31
115600,71.00,41166,41164,0,31
115700,71.00,41166,41164,0,31
115800,71.00,41166,41164,0,31
115900,72.00,41166,41164,0,31
116000,72.00,41166,41164,0,31
116100,72.00,41166,41164,0,31
116200,72.00,41166,41164,0,31
116300,72.00,41166,41164,0,31
116400,72.00,41166,41164,0,31
116500,72.00,41166,41164,0,31
116600,72.00,41166,41164,0,31
116700,72.00,41166,41164,0,31
116800,72.00,41166,41164,0,31
116900,72.00,41166,41164,0,31
117000,72.00,41166,41164,0,31
117100,72.00,41166,41164,0,31
117200,72.00,41166,41164,0,31
117300,72.00,41166,41164,0,31
117400,72.00,41166,41164,0,31
117500,72.00,41166,41164,0,31
117600,72.00,41166,41164,0,31
117700,72.00,41166,41164,0,31
117800,72.00,41166,41164,0,31
117900,73.00,41166,41164,0,31
118000,73.00,41166,41164,0,31
118100,73.00,41166,41164,0,31
118200,73.00,41166,41164,0,31
118300,73.00,41166,41164,0,31
118400,73.00,41166,41164,0,31
118500,73.00,41166,41164,0,31
118600,73.00,41165,41164,0,31
118700,73.00,41165,41164,0,31
118800,73.00,41165,41164,0,31
118900,73.00,41165,41164,0,31
119000,73.00,41165,41164,0,31
119100,73.00,41165,41164,0,31
119200,73.00,41165,41164,0,31
119300,73.00,41165,41164,0,31
119400,74.00,41165,41164,0,31
119500,74.00,41165,41164,0,31
119600,74.00,41165,41164,0,31
119700,74.00,41165,41164,0,31
119800,74.00,41165,41164,0,31
119900,74.00,41165,41164,0,31
120000,74.00,41165,41164,0,31
120100,74.00,41165,41164,0,31
120200,74.00,41165,41164,0,31
120300,74.00,41165,41164,0,31
120400,74.00,41165,41164,0,31
120500,74.00,41165,41164,0,31
120600,75.00,41165,41164,0,31
120700,75.00,41165,41164,0,31
120800,75.00,41165,41164,0,31
120900,75.00,41165,41164,0,31
121000,75.00,41165,41164,0,31
121100,75.00,41165,41164,0,31
121200,75.00,41165,41164,0,31
121300,75.00,41165,41164,0,31
121400,75.00,41165,41164,0,31
121500,75.00,41165,41164,0,31
121600,75.00,41165,41164,0,31
121700,75.00,41165,41164,0,31
121800,75.00,41165,41164,0,31
121900,75.00,41165,41164,0,31
122000,75.00,41165,41164,0,31
122100,76.00,41165,41164,0,31
122200,76.00,41165,41164,0,31
122300,76.00,41165,41164,0,31
122400,76.00,41165,41164,0,31
122500,76.00,41165,41164,0,31
122600,76.00,41165,41164,0,31
122700,76.00,41165,41164,0,31
122800,76.00,41165,41164,0,31
122900,76.00,41165,41164,0,31
123000,76.00,41165,41164,0,31
123100,76.00,41165,41164,0,31
123200,76.00,41165,41164,0,31
123300,76.00,41165,41164,0,31
123400,76.00,41165,41164,0,31
123500,76.00,41165,41164,0,31
123600,76.00,41165,41164,0,31
123700,76.00,41165,41164,0,31
123800,76.00,41165,41164,0,31
123900,76.00,41165,41164,0,31
124000,76.00,41165,41164,0,31
124100,76.00,41165,41164,0,31
124200,76.00,41165,41164,0,31
124300,76.00,41165,41164,0,31
124400,77.00,41165,41164,0,31
124500,77.00,41165,41164,0,31
124600,77.00,41165,41164,0,31
124700,77.00,41165,41164,0,31
124800,77.00,41165,41164,0,31
124900,77.00,41165,41164,0,31
125000,77.00,41165,41164,0,31
125100,77.00,41165,41164,0,31
125200,77.00,41165,41164,0,31
125300,77.00,41165,41164,0,31
125400,77.00,41165,41164,0,31
125500,77.00,41165,41164,0,31
125600,77.00,41165,41164,0,31
125700,77.00,41165,41164,0,31
125800,77.00,41165,41164,0,31
125900,77.00,41165,41164,0,31
126000,77.00,41165,41164,0,31
126100,77.00,41165,41164,0,31
126200,77.00,41165,41164,0,31
126300,77.00,41165,41164,0,31
126400,77.00,41165,41164,0,31
126500,77.00,41165,41164,0,31
126600,77.00,41165,41164,0,31
126700,78.00,41165,41164,0,31
126800,78.00,41165,41164,0,31
126900,78.00,41165,41164,0,31
127000,78.00,41165,41164,0,31
127100,78.00,41165,41164,0,31
127200,78.00,41165,41164,0,31
127300,78.00,41165,41164,0,31
127400,78.00,41165,41164,0,31
127500,78.00,41165,41164,0,31
127600,78.00,41166,41164,0,31
127700,78.00,41166,41164,0,31
127800,78.00,41166,41164,0,31
127900,78.00,41166,41164,0,31
128000,78.00,41166,41164,0,31
128100,78.00,41166,41164,0,31
128200,78.00,41166,41164,0,31
128300,78.00,41166,41164,0,31
128400,78.00,41166,41164,0,31
128500,78.00,41166,41164,0,31
128600,78.00,41166,41164,0,31
128700,78.00,41166,41164,0,31
128800,78.00,41166,41164,0,31
128900,79.00,41166,41164,0,31
129000,79.00,41166,41164,0,31
129100,79.00,41166,41164,0,31
129200,79.00,41166,41164,0,31
129300,79.00,41166,41164,0,31
129400,79.00,41166,41164,0,31
129500,79.00,41166,41164,0,31
129600,79.00,41166,41164,0,31
129700,79.00,41166,41164,0,31
129800,79.00,41166,41164,0,31
129900,79.00,41166,41164,0,31
130000,79.00,41166,41164,0,31
130100,79.00,41165,41164,0,31
130200,79.00,41165,41164,0,31
130300,79.00,41165,41164,0,31
130400,79.00,41166,41164,0,31
130500,79.00,41166,41164,0,31
130600,79.00,41166,41164,0,31
130700,79.00,41166,41164,0,31
130800,80.00,41166,41164,0,31
130900,80.00,41166,41164,0,31
131000,80.00,41166,41164,0,31
131100,80.00,41166,41164,0,31
131200,80.00,41166,41164,0,31
131300,80.00,41166,41164,0,31
131400,80.00,41166,41164,0,31
131500,80.00,41166,41164,0,31
131600,80.00,41166,41164,0,31
131700,80.00,41166,41164,0,31
131800,80.00,41166,41164,0,31
131900,80.00,41166,41164,0,31
132000,80.00,41165,41164,0,31
132100,80.00,41165,41164,0,31
132200,80.00,41165,41164,0,31
132300,81.00,41165,41164,0,31
132400,81.00,41165,41164,0,31
132500,81.00,41165,41164,0,31
132600,81.00,41165,41164,0,31
132700,81.00,41165,41164,0,31
132800,81.00,41165,41164,0,31
132900,81.00,41165,41164,0,31
133000,81.00,41165,41164,0,31
133100,81.00,41165,41164,0,31
133200,81.00,41165,41164,0,31
133300,81.00,41165,41164,0,31
133400,81.00,41165,41164,0,31
133500,81.00,41165,41164,0,31
133600,81.00,41165,41164,0,31
133700,81.00,41165,41164,0,31
133800,81.00,41165,41164,0,31
133900,82.00,41165,41164,0,31
134000,82.00,41165,41164,0,31
134100,82.00,41165,41164,0,31
134200,82.00,41165,41164,0,31
134300,82.00,41165,41164,0,31
134400,82.00,41165,41164,0,31
134500,82.00,41165,41164,0,31
134600,82.00,41165,41164,0,31
134700,82.00,41165,41164,0,31
134800,82.00,41165,41164,0,31
134900,82.00,41165,41164,0,31
135000,82.00,41165,41164,0,31
135100,82.00,41165,41164,0,31
135200,82.00,41165,41164,0,31
135300,83.00,41165,41164,0,31
135400,83.00,41165,41164,0,31
135500,83.00,41165,41164,0,31
135600,83.00,41165,41164,0,31
135700,83.00,41165,41164,0,31
135800,83.00,41165,41164,0,31
135900,83.00,41165,41164,0,31
136000,83.00,41165,41164,0,31
136100,83.00,41165,41164,0,31
136200,83.00,41165,41164,0,31
136300,83.00,41165,41164,0,31
136400,83.00,41165,41164,0,31
136500,83.00,41165,41164,0,31
136600,83.00,41165,41164,0,31
136700,83.00,41165,41164,0,31
136800,83.00,41165,41164,0,31
136900,83.00,41165,41164,0,31
137000,83.00,41165,41164,0,31
137100,83.00,41165,41164,0,31
137200,83.00,41165,41164,0,31
137300,83.00,41165,41164,0,31
137400,83.00,41167,41164,0,31
137500,83.00,41167,41164,0,31
137600,83.00,41167,41164,0,31
137700,84.00,41167,41164,0,31
137800,84.00,41167,41164,0,31
137900,84.00,41167,41164,0,31
138000,84.00,41167,41164,0,31
138100,84.00,41167,41164,0,31
138200,84.00,41166,41164,0,31
138300,84.00,41166,41164,0,31
138400,84.00,41166,41164,0,31
138500,84.00,41166,41164,0,31
138600,84.00,41166,41164,0,31
138700,84.00,41166,41164,0,31
138800,84.00,41166,41164,0,31
138900,84.00,41166,41164,0,31
139000,84.00,41166,41164,0,31
139100,84.00,41166,41164,0,31
139200,84.00,41166,41164,0,31
139300,84.00,41166,41164,0,31
139400,84.00,41166,41164,0,31
139500,85.00,41166,41164,0,31
139600,85.00,41166,41164,0,31
139700,85.00,41166,41164,0,31
139800,85.00,41166,41164,0,31
139900,85.00,41166,41164,0,31
140000,85.00,41166,41164,0,31
140100,85.00,41166,41164,0,31
140200,85.00,41166,41164,0,31
140300,85.00,41166,41164,0,31
140400,85.00,41166,41164,0,31
140500,85.00,41166,41164,0,31
140600,85.00,41166,41164,0,31
140700,85.00,41166,41164,0,31
140800,85.00,41166,41164,0,31
140900,85.00,41166,41164,0,31
141000,85.00,41166,41164,0,31
141100,85.00,41166,41164,0,31
141200,86.00,41166,41164,0,31
141300,86.00,41166,41164,0,31
141400,86.00,41166,41164,0,31
141500,86.00,41166,41164,0,31
141600,86.00,41166,41164,0,31
141700,86.00,41166,41164,0,31
141800,86.00,41166,41164,0,31
141900,86.00,41166,41164,0,31
142000,86.00,41166,41164,0,31
142100,86.00,41166,41164,0,31
142200,86.00,41166,41164,0,31
142300,86.00,41166,41164,0,31
142400,86.00,41166,41164,0,31
142500,86.00,41166,41164,0,31
142600,86.00,41166,41164,0,31
142700,86.00,41166,41164,0,31
142800,86.00,41166,41164,0,31
142900,86.00,41166,41164,0,31
143000,86.00,41166,41164,0,31
143100,86.00,41166,41164,0,31
143200,86.00,41166,41164,0,31
143300,86.00,41166,41164,0,31
143400,86.00,41166,41164,0,31
143500,87.00,41166,41164,0,31
143600,87.00,41166,41164,0,31
143700,87.00,41166,41164,0,31
143800,87.00,41166,41164,0,31
143900,87.00,41165,41164,0,31
144000,87.00,41165,41164,0,31
144100,87.00,41165,41164,0,31
144200,87.00,41165,41164,0,31
144300,87.00,41165,41164,0,31
144400,87.00,41165,41164,0,31
144500,87.00,41164,41164,0,31
144600,87.00,41164,41164,0,31
144700,87.00,41164,41164,0,31
144800,87.00,41164,41164,0,31
144900,87.00,41164,41164,0,31
145000,87.00,41164,41164,0,31
145100,87.00,41164,41164,0,31
145200,87.00,41164,41164,0,31
145300,87.00,41164,41164,0,31
145400,87.00,41164,41164,0,31
145500,87.00,41164,41164,0,31
145600,87.00,41164,41164,0,31
145700,87.00,41164,41164,0,31
145800,87.00,41164,41164,0,31
145900,88.00,41164,41164,0,31
146000,88.00,41164,41164,0,31
146100,88.00,41164,41164,0,31
146200,88.00,41164,41164,0,31
146300,88.00,41164,41164,0,31
146400,88.00,41164,41164,0,31
146500,88.00,41164,41164,0,31
146600,88.00,41164,41164,0,31
146700,88.00,41164,41164,0,31
146800,88.00,41164,41164,0,31
146900,88.00,41164,41164,0,31
147000,88.00,41164,41164,0,31
147100,88.00,41164,41164,0,31
147200,88.00,41164,41164,0,31
147300,88.00,41164,41164,0,31
147400,88.00,41164,41164,0,31
147500,89.00,41164,41164,0,31
147600,89.00,41164,41164,0,31
147700,89.00,41164,41164,0,31
147800,89.00,41164,41164,0,31
147900,89.00,41164,41164,0,31
148000,89.00,41164,41164,0,31
148100,89.00,41164,41164,0,31
148200,89.00,41165,41164,0,31
148300,89.00,41164,41164,0,31
148400,89.00,41164,41164,0,31
148500,89.00,41164,41164,0,31
148600,89.00,41164,41164,0,31
148700,89.00,41164,41164,0,31
148800,89.00,41164,41164,0,31
148900,89.00,41164,41164,0,31
149000,89.00,41164,41164,0,31
149100,90.00,41164,41164,0,31
149200,90.00,41164,41164,0,31
149300,90.00,41164,41164,0,31
149400,90.00,41164,41164,0,31
149500,90.00,41164,41164,0,31
149600,90.00,41164,41164,0,31
149700,90.00,41164,41164,0,31
149800,90.00,41164,41164,0,31
149900,90.00,41164,41164,0,31
150000,90.00,41164,41164,0,31
150100,90.00,41164,41164,0,31
150200,90.00,41164,41164,0,31
150300,90.00,41164,41164,0,31
150400,90.00,41164,41164,0,31
150500,90.00,41164,41164,0,31
150600,90.00,41164,41164,0,31
150700,90.00,41164,41164,0,31
150800,91.00,41164,41164,0,31
150900,91.00,41164,41164,0,31
151000,91.00,41164,41164,0,31
151100,91.00,41164,41164,0,31
151200,91.00,41164,41164,0,31
151300,91.00,41164,41164,0,31
151400,91.00,41164,41164,0,31
151500,91.00,41164,41164,0,31
151600,91.00,41164,41164,0,31
151700,91.00,41164,41164,0,31
151800,91.00,41165,41164,0,31
151900,91.00,41165,41164,0,31
152000,91.00,41165,41164,0,31
152100,91.00,41165,41164,0,31
152200,91.00,41165,41164,0,31
152300,91.00,41164,41164,0,31
152400,92.00,41164,41164,0,31
152500,92.00,41164,41164,0,31
152600,92.00,41164,41164,0,31
152700,92.00,41164,41164,0,31
152800,92.00,41164,41164,0,31
152900,92.00,41164,41164,0,31
153000,92.00,41164,41164,0,31
153100,92.00,41164,41164,0,31
153200,92.00,41164,41164,0,31
153300,92.00,41164,41164,0,31
153400,92.00,41164,41164,0,31
153500,92.00,41164,41164,0,31
153600,92.00,41165,41164,0,31
153700,92.00,41165,41164,0,31
153800,92.00,41165,41164,0,31
153900,93.00,41165,41164,0,31
154000,93.00,41165,41164,0,31
154100,93.00,41165,41164,0,31
154200,93.00,41164,41164,0,31
154300,93.00,41164,41164,0,31
154400,93.00,41164,41164,0,31
154500,93.00,41164,41164,0,31
154600,93.00,41164,41164,0,31
154700,93.00,41164,41164,0,31
154800,93.00,41164,41164,0,31
154900,93.00,41164,41164,0,31
155000,93.00,41164,41164,0,31
155100,93.00,41164,41164,0,31
155200,93.00,41164,41164,0,31
155300,93.00,41164,41164,0,31
155400,94.00,41164,41164,0,31
155500,94.00,41164,41164,0,31
155600,94.00,41164,41164,0,31
155700,94.00,41164,41164,0,31
155800,94.00,41164,41164,0,31
155900,94.00,41164,41164,0,31
156000,94.00,41164,41164,0,31
156100,94.00,41164,41164,0,31
156200,94.00,41164,41164,0,31
156300,94.00,41164,41164,0,31
156400,94.00,41164,41164,0,31
156500,94.00,41164,41164,0,31
156600,94.00,41164,41164,0,31
156700,94.00,41164,41164,0,31
156800,94.00,41164,41164,0,31
156900,95.00,41164,41164,0,31
157000,95.00,41164,41164,0,31
157100,95.00,41164,41164,0,31
157200,95.00,41164,41164,0,31
157300,95.00,41164,41164,0,31
157400,95.00,41164,41164,0,31
157500,95.00,41164,41164,0,31
157600,95.00,41164,41164,0,31
157700,95.00,41164,41164,0,31
157800,95.00,41164,41164,0,31
157900,95.00,41165,41164,0,31
158000,95.00,41165,41164,0,31
158100,95.00,41165,41164,0,31
158200,95.00,41165,41164,0,31
158300,95.00,41165,41164,0,31
158400,95.00,41165,41164,0,31
158500,95.00,41165,41164,0,31
158600,96.00,41165,41164,0,31
158700,96.00,41165,41164,0,31
158800,96.00,41165,41164,0,31
158900,96.00,41165,41164,0,31
159000,96.00,41165,41164,0,31
159100,96.00,41165,41164,0,31
159200,96.00,41165,41164,0,31
159300,96.00,41165,41164,0,31
159400,96.00,41165,41164,0,31
159500,96.00,41165,41164,0,31
159600,96.00,41165,41164,0,31
159700,96.00,41165,41164,0,31
159800,96.00,41165,41164,0,31
159900,96.00,41165,41164,0,31
160000,96.00,41165,41164,0,31
160100,96.00,41165,41164,0,31
160200,97.00,41165,41164,0,31
160300,97.00,41165,41164,0,31
160400,97.00,41165,41164,0,31
160500,97.00,41165,41164,0,31
160600,97.00,41165,41164,0,31
160700,97.00,41165,41164,0,31
160800,97.00,41165,41164,0,31
160900,97.00,41165,41164,0,31
161000,97.00,41165,41164,0,31
161100,97.00,41165,41164,0,31
161200,97.00,41165,41164,0,31
161300,97.00,41165,41164,0,31
161400,97.00,41165,41164,0,31
161500,97.00,41165,41164,0,31
161600,97.00,41165,41164,0,31
161700,97.00,41164,41164,0,31
161800,97.00,41164,41164,0,31
161900,97.00,41164,41164,0,31
162000,97.00,41166,41164,0,31
162100,97.00,41166,41164,0,31
162200,97.00,41166,41164,0,31
162300,98.00,41166,41164,0,31
162400,98.00,41166,41164,0,31
162500,98.00,41166,41164,0,31
162600,98.00,41166,41164,0,31
162700,98.00,41166,41164,0,31
162800,98.00,41166,41164,0,31
162900,98.00,41166,41164,0,31
163000,98.00,41166,41164,0,31
163100,98.00,41166,41164,0,31
163200,98.00,41166,41164,0,31
163300,98.00,41166,41164,0,31
163400,98.00,41166,41164,0,31
163500,98.00,41166,41164,0,31
163600,98.00,41166,41164,0,31
163700,98.00,41166,41164,0,31
163800,98.00,41166,41164,0,31
163900,98.00,41166,41164,0,31
164000,98.00,41166,41164,0,31
164100,98.00,41166,41164,0,31
164200,98.00,41166,41164,0,31
164300,99.00,41166,41164,0,31
164400,99.00,41166,41164,0,31
164500,99.00,41166,41164,0,31
164600,99.00,41166,41164,0,31
164700,99.00,41166,41164,0,31
164800,99.00,41166,41164,0,31
164900,99.00,41166,41164,0,31
165000,99.00,41166,41164,0,31
165100,99.00,41166,41164,0,31
165200,99.00,41166,41164,0,31
165300,99.00,41166,41164,0,31
165400,99.00,41166,41164,0,31
165500,99.00,41166,41164,0,31
165600,99.00,41166,41164,0,31
165700,99.00,41166,41164,0,31
165800,99.00,41166,41164,0,31
165900,100.00,41166,41164,0,31
166000,100.00,41166,41164,0,31
166100,100.00,41166,41164,0,31
166200,100.00,41166,41164,0,31
166300,100.00,41166,41164,0,31
166400,100.00,41166,41164,0,31
166500,100.00,41166,41164,0,31
166600,100.00,41166,41164,0,31
166700,100.00,41166,41164,0,31
166800,100.00,41166,41164,0,31
166900,100.00,41166,41164,0,31
167000,100.00,41166,41164,0,31
167100,100.00,41166,41164,0,31
167200,100.00,41166,41164,0,31
167300,100.00,41166,41164,0,31
167400,100.00,41166,41164,0,31
167500,100.00,41166,41164,0,31
167600,100.00,41166,41164,0,31
167700,100.00,41166,41164,0,31
167800,101.00,41166,41164,0,31
167900,101.00,41166,41164,0,31
168000,101.00,41166,41164,0,31
168100,101.00,41166,41164,0,31
168200,101.00,41165,41164,0,31
168300,101.00,41165,41164,0,31
168400,101.00,41165,41164,0,31
168500,101.00,41165,41164,0,31
168600,101.00,41165,41164,0,31
168700,101.00,41165,41164,0,31
168800,101.00,41165,41164,0,31
168900,101.00,41165,41164,0,31
169000,101.00,41165,41164,0,31
169100,101.00,41165,41164,0,31
169200,101.00,41165,41164,0,31
169300,101.00,41165,41164,0,31
169400,101.00,41165,41164,0,31
169500,101.00,41165,41164,0,31
169600,101.00,41165,41164,0,31
169700,102.00,41165,41164,0,31
169800,102.00,41165,41164,0,31
169900,102.00,41165,41164,0,31
170000,102.00,41165,41164,0,31
170100,102.00,41165,41164,0,31
170200,102.00,41165,41164,0,31
170300,102.00,41164,41164,0,31
170400,102.00,41164,41164,0,31
170500,102.00,41165,41164,0,31
170600,102.00,41165,41164,0,31
170700,102.00,41165,41164,0,31
170800,102.00,41165,41164,0,31
170900,102.00,41165,41164,0,31
171000,102.00,41165,41164,0,31
171100,102.00,41165,41164,0,31
171200,102.00,41165,41164,0,31
171300,102.00,41165,41164,0,31
171400,102.00,41165,41164,0,31
171500,102.00,41165,41164,0,31
171600,102.00,41165,41164,0,31
171700,103.00,41165,41164,0,31
171800,103.00,41165,41164,0,31
171900,103.00,41165,41164,0,31
172000,103.00,41165,41164,0,31
172100,103.00,41165,41164,0,31
172200,103.00,41165,41164,0,31
172300,103.00,41165,41164,0,31
172400,103.00,41165,41164,0,31
172500,103.00,41164,41164,0,31
172600,103.00,41164,41164,0,31
172700,103.00,41164,41164,0,31
172800,103.00,41164,41164,0,31
172900,103.00,41164,41164,0,31
173000,103.00,41164,41164,0,31
173100,103.00,41164,41164,0,31
173200,103.00,41164,41164,0,31
173300,103.00,41164,41164,0,31
173400,103.00,41164,41164,0,31
173500,103.00,41164,41164,0,31
173600,103.00,41164,41164,0,31
173700,103.00,41164,41164,0,31
173800,104.00,41164,41164,0,31
173900,104.00,41164,41164,0,31
174000,104.00,41164,41164,0,31
174100,104.00,41164,41164,0,31
174200,104.00,41164,41164,0,31
174300,104.00,41164,41164,0,31
174400,104.00,41164,41164,0,31
174500,104.00,41164,41164,0,31
174600,104.00,41164,41164,0,31
174700,104.00,41164,41164,0,31
174800,104.00,41164,41164,0,31
174900,104.00,41164,41164,0,31
175000,104.00,41164,41164,0,31
175100,104.00,41164,41164,0,31
175200,104.00,41164,41164,0,31
175300,104.00,41164,41164,0,31
175400,104.00,41164,41164,0,31
175500,104.00,41164,41164,0,31
175600,104.00,41164,41164,0,31
175700,104.00,41164,41164,0,31
175800,104.00,41164,41164,0,31
175900,104.00,41164,41164,0,31
176000,104.00,41164,41164,0,31
176100,105.00,41164,41164,0,31
176200,105.00,41164,41164,0,31
176300,105.00,41164,41164,0,31
176400,105.00,41164,41164,0,31
176500,105.00,41164,41164,0,31
176600,105.00,41164,41164,0,31
176700,105.00,41164,41164,0,31
176800,105.00,41164,41164,0,31
176900,105.00,41164,41164,0,31
177000,105.00,41164,41164,0,31
177100,105.00,41164,41164,0,31
177200,105.00,41164,41164,0,31
177300,105.00,41164,41164,0,31
177400,105.00,41164,41164,0,31
177500,105.00,41164,41164,0,31
177600,105.00,41164,41164,0,31
177700,105.00,41164,41164,0,31
177800,105.00,41164,41164,0,31
177900,105.00,41164,41164,0,31
178000,105.00,41164,41164,0,31
178100,105.00,41164,41164,0,31
178200,105.00,41164,41164,0,31
178300,105.00,41164,41164,0,31
178400,105.00,41164,41164,0,31
178500,105.00,41164,41164,0,31
178600,106.00,41164,41164,0,31
178700,106.00,41164,41164,0,31
178800,106.00,41164,41164,0,31
178900,106.00,41164,41164,0,31
179000,106.00,41164,41164,0,31
179100,106.00,41164,41164,0,31
179200,106.00,41164,41164,0,31
179300,106.00,41164,41164,0,31
179400,106.00,41164,41164,0,31
179500,106.00,41164,41164,0,31
179600,106.00,41164,41164,0,31
179700,106.00,41164,41164,0,31
179800,106.00,41164,41164,0,31
179900,106.00,41164,41164,0,31
180000,106.00,41164,41164,0,31
180100,106.00,41164,41164,0,31
180200,106.00,41164,41164,0,31
180300,106.00,41164,41164,0,31
180400,106.00,41164,41164,0,31
180500,106.00,41164,41164,0,31
180600,106.00,41164,41164,0,31
180700,106.00,41164,41164,0,31
180800,106.00,41164,41164,0,31
180900,106.00,41164,41164,0,31
181000,106.00,41164,41164,0,31
181100,106.00,41164,41164,0,31
181200,107.00,41164,41164,0,31
181300,107.00,41164,41164,0,31
181400,107.00,41164,41164,0,31
181500,107.00,41164,41164,0,31
181600,107.00,41164,41164,0,31
181700,107.00,41164,41164,0,31
181800,107.00,41164,41164,0,31
181900,107.00,41164,41164,0,31
182000,107.00,41164,41164,0,31
182100,107.00,41164,41164,0,31
182200,107.00,41164,41164,0,31
182300,107.00,41164,41164,0,31
182400,107.00,41164,41164,0,31
182500,107.00,41164,41164,0,31
182600,107.00,41164,41164,0,31
182700,107.00,41164,41164,0,31
182800,107.00,41164,41164,0,31
182900,107.00,41164,41164,0,31
183000,107.00,41164,41164,0,31
183100,107.00,41164,41164,0,31
183200,107.00,41164,41164,0,31
183300,107.00,41164,41164,0,31
183400,107.00,41164,41164,0,31
183500,107.00,41164,41164,0,31
183600,108.00,41164,41164,0,31
183700,108.00,41164,41164,0,31
183800,108.00,41164,41164,0,31
183900,108.00,41164,41164,0,31
184000,108.00,41164,41164,0,31
184100,108.00,41164,41164,0,31
184200,108.00,41164,41164,0,31
184300,108.00,41164,41164,0,31
184400,108.00,41164,41164,0,31
184500,108.00,41164,41164,0,31
184600,108.00,41164,41164,0,31
184700,108.00,41164,41164,0,31
184800,108.00,41164,41164,0,31
184900,108.00,41164,41164,0,31
185000,108.00,41164,41164,0,31
185100,108.00,41164,41164,0,31
185200,108.00,41164,41164,0,31
185300,108.00,41164,41164,0,31
185400,108.00,41164,41164,0,31
185500,108.00,41164,41164,0,31
185600,108.00,41164,41164,0,31
185700,108.00,41164,41164,0,31
185800,108.00,41164,41164,0,31
185900,108.00,41164,41164,0,31
186000,108.00,41164,41164,0,31
186100,108.00,41164,41164,0,31
186200,109.00,41164,41164,0,31
186300,109.00,41164,41164,0,31
186400,109.00,41164,41164,0,31
186500,109.00,41164,41164,0,31
186600,109.00,41164,41164,0,31
186700,109.00,41164,41164,0,31
186800,109.00,41164,41164,0,31
186900,109.00,41164,41164,0,31
187000,109.00,41164,41164,0,31
187100,109.00,41164,41164,0,31
187200,109.00,41164,41164,0,31
187300,109.00,41164,41164,0,31
187400,109.00,41164,41164,0,31
187500,109.00,41164,41164,0,31
187600,109.00,41164,41164,0,31
187700,109.00,41164,41164,0,31
187800,109.00,41164,41164,0,31
187900,109.00,41164,41164,0,31
188000,109.00,41164,41164,0,31
188100,109.00,41164,41164,0,31
188200,109.00,41165,41164,0,31
188300,109.00,41165,41164,0,31
188400,109.00,41165,41164,0,31
188500,109.00,41165,41164,0,31
188600,109.00,41165,41164,0,31
188700,109.00,41165,41164,0,31
188800,110.00,41165,41164,0,31
188900,110.00,41165,41164,0,31
189000,110.00,41165,41164,0,31
189100,110.00,41165,41164,0,31
189200,110.00,41165,41164,0,31
189300,110.00,41165,41164,0,31
189400,110.00,41165,41164,0,31
189500,110.00,41165,41164,0,31
189600,110.00,41165,41164,0,31
189700,110.00,41165,41164,0,31
189800,110.00,41165,41164,0,31
189900,110.00,41165,41164,0,31
190000,110.00,41165,41164,0,31
190100,110.00,41165,41164,0,31
190200,110.00,41165,41164,0,31
190300,110.00,41165,41164,0,31
190400,110.00,41165,41164,0,31
190500,110.00,41165,41164,0,31
190600,110.00,41165,41164,0,31
190700,110.00,41165,41164,0,31
190800,110.00,41165,41164,0,31
190900,110.00,41165,41164,0,31
191000,110.00,41165,41164,0,31
191100,110.00,41165,41164,0,31
191200,111.00,41165,41164,0,31
191300,111.00,41165,41164,0,31
191400,111.00,41165,41164,0,31
191500,111.00,41165,41164,0,31
191600,111.00,41165,41164,0,31
191700,111.00,41165,41164,0,31
191800,111.00,41164,41164,0,31
191900,111.00,41164,41164,0,31
192000,111.00,41165,41164,0,31
192100,111.00,41165,41164,0,31
192200,111.00,41165,41164,0,31
192300,111.00,41165,41164,0,31
192400,111.00,41164,41164,0,31
192500,111.00,41164,41164,0,31
192600,111.00,41164,41164,0,31
192700,111.00,41164,41164,0,31
192800,111.00,41164,41164,0,31
192900,111.00,41164,41164,0,31
193000,111.00,41164,41164,0,31
193100,111.00,41164,41164,0,31
193200,111.00,41164,41164,0,31
193300,111.00,41164,41164,0,31
193400,112.00,41165,41164,0,31
193500,112.00,41165,41164,0,31
193600,112.00,41165,41164,0,31
193700,112.00,41165,41164,0,31
193800,112.00,41165,41164,0,31
193900,112.00,41165,41164,0,31
194000,112.00,41165,41164,0,31
194100,112.00,41165,41164,0,31
194200,112.00,41165,41164,0,31
194300,112.00,41165,41164,0,31
194400,112.00,41164,41164,0,31
194500,112.00,41164,41164,0,31
194600,112.00,41164,41164,0,31
194700,112.00,41164,41164,0,31
194800,112.00,41164,41164,0,31
194900,112.00,41164,41164,0,31
195000,112.00,41164,41164,0,31
195100,112.00,41164,41164,0,31
195200,112.00,41164,41164,0,31
195300,112.00,41164,41164,0,31
195400,112.00,41164,41164,0,31
195500,113.00,41164,41164,0,31
195600,113.00,41164,41164,0,31
195700,113.00,41164,41164,0,31
195800,113.00,41164,41164,0,31
195900,113.00,41164,41164,0,31
196000,113.00,41164,41164,0,31
196100,113.00,41164,41164,0,31
196200,113.00,41164,41164,0,31
196300,113.00,41164,41164,0,31
196400,113.00,41164,41164,0,31
196500,113.00,41164,41164,0,31
196600,113.00,41164,41164,0,31
196700,113.00,41164,41164,0,31
196800,113.00,41164,41164,0,31
196900,113.00,41164,41164,0,31
197000,113.00,41164,41164,0,31
197100,113.00,41164,41164,0,31
197200,113.00,41164,41164,0,31
197300,113.00,41164,41164,0,31
197400,113.00,41164,41164,0,31
197500,113.00,41164,41164,0,31
197600,113.00,41164,41164,0,31
197700,113.00,41164,41164,0,31
197800,113.00,41164,41164,0,31
197900,114.00,41165,41164,0,31
198000,114.00,41165,41164,0,31
198100,114.00,41165,41164,0,31
198200,114.00,41165,41164,0,31
198300,114.00,41165,41164,0,31
198400,114.00,41165,41164,0,31
198500,114.00,41165,41164,0,31
198600,114.00,41165,41164,0,31
198700,114.00,41165,41164,0,31
198800,114.00,41165,41164,0,31
198900,114.00,41164,41164,0,31
199000,114.00,41164,41164,0,31
199100,114.00,41164,41164,0,31
199200,114.00,41164,41164,0,31
199300,114.00,41164,41164,0,31
199400,114.00,41164,41164,0,31
199500,114.00,41164,41164,0,31
199600,114.00,41164,41164,0,31
199700,114.00,41164,41164,0,31
199800,114.00,41164,41164,0,31
199900,115.00,41164,41164,0,31
200000,115.00,41164,41164,0,31
200100,115.00,41164,41164,0,31
200200,115.00,41164,41164,0,31
200300,115.00,41164,41164,0,31
200400,115.00,41164,41164,0,31
200500,115.00,41164,41164,0,31
200600,115.00,41164,41164,0,31
200700,115.00,41164,41164,0,31
200800,115.00,41164,41164,0,31
200900,115.00,41164,41164,0,31
201000,115.00,41164,41164,0,31
201100,115.00,41164,41164,0,31
201200,115.00,41164,41164,0,31
201300,115.00,41164,41164,0,31
201400,115.00,41164,41164,0,31
201500,115.00,41164,41164,0,31
201600,115.00,41164,41164,0,31
201700,115.00,41164,41164,0,31
201800,115.00,41164,41164,0,31
201900,115.00,41164,41164,0,31
202000,115.00,41164,41164,0,31
202100,115.00,41164,41164,0,31
202200,116.00,41164,41164,0,31
202300,116.00,41164,41164,0,31
202400,116.00,41164,41164,0,31
202500,116.00,41164,41164,0,31
202600,116.00,41164,41164,0,31
202700,116.00,41164,41164,0,31
202800,116.00,41164,41164,0,31
